日期,领域,代码,名称,命中条件,现价,当日%,20日涨幅%,量比,RSI,52周低(日期),52周高(日期),连续上榜天数
2026-07-06,半导体/AI,3436.T,胜高SUMCO (3436),"放量突破60日新高(收5,124>前高5,094,量1.6倍)",5124.0,0.59,45.5,1.63,69.8,1090.0(2025-07-08),5309.0(2026-07-06),1
2026-07-06,金融,8725.T,三井住友海上 (8725),"上升趋势回踩MA20企稳(最低4,438触及MA20(4,482),收阳4,549收回上方,MA20五日升0.4%)",4549.0,2.13,3.3,0.83,58.6,3069.0(2025-07-10),4742.0(2026-06-15),1
2026-07-06,防卫,7012.T,川崎重工 (7012),"上升趋势回踩MA20企稳(最低2,840触及MA20(2,953),收阳3,002收回上方,MA20五日升0.1%)",3002.0,6.45,9.0,1.07,51.6,1729.0(2025-09-03),3766.0(2026-03-03),1
2026-07-06,防卫,6946.T,日本Avionics (6946),"MA5(5,250)放量上穿MA20(5,142)短线金叉,量1.3倍确认",5760.0,6.08,4.0,1.31,58.9,3745.0(2025-07-11),9000.0(2026-03-11),1
2026-07-06,电力/电网,5803.T,藤仓Fujikura (5803),"上升趋势回踩MA20企稳(最低5,221触及MA20(5,304),收阳5,352收回上方,MA20五日升4.5%)",5352.0,-0.11,21.6,0.6,48.9,1226.6666259765625(2025-07-07),7933.0(2026-05-14),1
2026-07-06,电力/电网,6503.T,三菱电机 (6503),"上升趋势回踩MA20企稳(最低5,938触及MA20(5,893),收阳6,031收回上方,MA20五日升0.1%)",6031.0,1.46,6.4,0.52,52.2,3032.0(2025-07-08),6686.0(2026-05-27),1
2026-07-06,游戏/内容,9602.T,东宝(日本影业) (9602),"上升趋势回踩MA20企稳(最低1,296触及MA20(1,284),收阳1,353收回上方,MA20五日升1.4%)",1353.0,3.84,5.7,0.45,59.8,1191.0(2026-05-27),2059.0(2025-08-19),1
2026-07-06,商社,2768.T,双日 (2768),"上升趋势回踩MA20企稳(最低5,250触及MA20(5,217),收阳5,330收回上方,MA20五日升0.4%)",5330.0,1.97,4.7,0.8,52.0,3539.0(2025-07-30),7257.0(2026-03-03),1
2026-07-07,半导体/AI,6723.T,瑞萨电子 (6723),"上升趋势回踩MA20企稳(最低4,652触及MA20(4,684),收阳4,772收回上方,MA20五日升1.6%)",4772.0,1.32,8.6,1.31,55.5,1656.5(2025-09-05),5284.0(2026-06-23),1
2026-07-07,防卫,6203.T,丰和工业 (6203),"MA5(1,613)放量上穿MA20(1,603)短线金叉,量2.5倍确认",1669.0,-0.54,-7.7,2.49,55.0,959.0(2025-07-08),2030.0(2026-02-20),1
2026-07-08,半导体/AI,7735.T,SCREEN (7735),"上升趋势回踩MA20企稳(最低16,265触及MA20(16,587),收阳17,030收回上方,MA20五日升8.4%)",17030.0,-0.35,31.2,0.87,56.6,5335.0(2025-09-03),19770.0(2026-07-01),1
2026-07-08,半导体/AI,6526.T,索思未来Socionext (6526),"上升趋势回踩MA20企稳(最低2,538触及MA20(2,583),收阳2,608收回上方,MA20五日升1.5%)",2607.5,-1.34,13.2,0.7,50.6,1678.5(2026-03-09),3491.0(2025-10-31),1
2026-07-08,金融,8591.T,欧力士ORIX (8591),"上升趋势回踩MA20企稳(最低6,326触及MA20(6,270),收阳6,415收回上方,MA20五日升0.8%)",6415.0,-0.05,4.0,0.6,61.7,3226.0(2025-07-08),6566.0(2026-06-18),1
2026-07-08,金融,8725.T,三井住友海上 (8725),"上升趋势回踩MA20企稳(最低4,495触及MA20(4,479),收阳4,529收回上方,MA20五日升0.4%)",4529.0,-0.11,-1.5,0.57,57.1,3069.0(2025-07-10),4742.0(2026-06-15),1
2026-07-09,半导体/AI,6871.T,日本麦克隆尼 (6871),"上升趋势回踩MA20企稳(最低15,530触及MA20(16,100),收阳16,350收回上方,MA20五日升3.7%)",16350.0,9.29,28.5,1.4,54.5,4245.0(2025-08-18),18180.0(2026-07-01),1
2026-07-09,半导体/AI,6963.T,罗姆ROHM (6963),"上升趋势回踩MA20企稳(最低5,367触及MA20(5,398),收阳5,585收回上方,MA20五日升3.1%)",5585.0,4.74,18.5,1.05,55.2,1855.0(2025-07-22),6099.0(2026-07-06),1
2026-07-09,金融,8795.T,T&D控股 (8795),"上升趋势回踩MA20企稳(最低4,865触及MA20(4,846),收阳4,948收回上方,MA20五日升2.2%)",4948.0,0.28,6.3,0.42,61.9,3124.0(2025-07-10),5098.0(2026-07-07),1
2026-07-09,金融,8591.T,欧力士ORIX (8591),"上升趋势回踩MA20企稳(最低6,311触及MA20(6,286),收阳6,421收回上方,MA20五日升1.0%)",6421.0,0.69,6.1,0.48,61.2,3240.0(2025-07-17),6566.0(2026-06-18),2
2026-07-09,金融,8725.T,三井住友海上 (8725),"上升趋势回踩MA20企稳(最低4,447触及MA20(4,475),收阳4,481收回上方,MA20五日升0.1%)",4481.0,-0.86,-1.6,0.61,53.8,3069.0(2025-07-10),4742.0(2026-06-15),2
2026-07-09,商社,8001.T,伊藤忠商事 (8001),"上升趋势回踩MA20企稳(最低1,851触及MA20(1,863),收阳1,888收回上方,MA20五日升0.6%)",1887.5,0.51,3.4,0.59,52.2,1496.199951171875(2025-07-16),2286.5(2026-02-27),1
2026-07-09,商社,8002.T,丸红 (8002),"上升趋势回踩MA20企稳(最低4,873触及MA20(4,855),收阳4,909收回上方,MA20五日升0.5%)",4909.0,-1.05,2.0,0.4,48.1,2900.5(2025-07-17),6328.0(2026-02-12),1
2026-07-09,半导体/AI,6871.T,日本麦克隆尼 (6871),"上升趋势回踩MA20企稳(最低15,530触及MA20(16,100),收阳16,340收回上方,MA20五日升3.7%)",16340.0,9.22,28.5,1.41,54.5,4245.0(2025-08-18),18180.0(2026-07-01),1
2026-07-09,半导体/AI,6963.T,罗姆ROHM (6963),"上升趋势回踩MA20企稳(最低5,367触及MA20(5,397),收阳5,576收回上方,MA20五日升3.1%)",5576.0,4.58,18.3,1.05,55.1,1855.0(2025-07-22),6099.0(2026-07-06),1
2026-07-09,金融,8795.T,T&D控股 (8795),"上升趋势回踩MA20企稳(最低4,865触及MA20(4,846),收阳4,951收回上方,MA20五日升2.2%)",4951.0,0.34,6.3,0.43,62.0,3124.0(2025-07-10),5098.0(2026-07-07),1
2026-07-09,金融,8591.T,欧力士ORIX (8591),"上升趋势回踩MA20企稳(最低6,311触及MA20(6,286),收阳6,424收回上方,MA20五日升1.0%)",6424.0,0.74,6.2,0.48,61.3,3240.0(2025-07-17),6566.0(2026-06-18),2
2026-07-09,金融,8725.T,三井住友海上 (8725),"上升趋势回踩MA20企稳(最低4,447触及MA20(4,475),收阳4,484收回上方,MA20五日升0.1%)",4484.0,-0.8,-1.5,0.61,54.0,3069.0(2025-07-10),4742.0(2026-06-15),2
2026-07-09,商社,8001.T,伊藤忠商事 (8001),"上升趋势回踩MA20企稳(最低1,851触及MA20(1,863),收阳1,888收回上方,MA20五日升0.6%)",1887.5,0.51,3.4,0.6,52.2,1496.199951171875(2025-07-16),2286.5(2026-02-27),1
2026-07-09,商社,8002.T,丸红 (8002),"上升趋势回踩MA20企稳(最低4,873触及MA20(4,855),收阳4,913收回上方,MA20五日升0.5%)",4913.0,-0.97,2.1,0.4,48.3,2900.5(2025-07-17),6328.0(2026-02-12),1
2026-07-10,半导体/AI,4063.T,信越化学 (4063),"上升趋势回踩MA20企稳(最低7,216触及MA20(7,199),收阳7,266收回上方,MA20五日升0.9%)",7266.0,3.65,1.1,0.86,52.4,4280.0(2025-08-04),7930.0(2026-06-01),1
2026-07-10,防卫,7011.T,三菱重工 (7011),"上升趋势回踩MA20企稳(最低3,783触及MA20(3,799),收阳3,813收回上方,MA20五日升2.2%)",3813.0,0.21,7.7,0.55,49.2,3171.0(2025-07-11),5208.0(2026-03-02),1
2026-07-10,电力/电网,6841.T,横河电机 (6841),"上升趋势回踩MA20企稳(最低5,440触及MA20(5,542),收阳5,561收回上方,MA20五日升3.4%)",5561.0,2.24,14.7,0.76,53.8,3741.0(2025-07-14),6317.0(2026-02-27),1
2026-07-13,金融,8795.T,T&D控股 (8795),"上升趋势回踩MA20企稳(最低4,878触及MA20(4,863),收阳4,937收回上方,MA20五日升1.2%)",4937.0,0.43,2.8,0.34,60.8,3186.0(2025-11-05),5098.0(2026-07-07),1
2026-07-13,防卫,7013.T,IHI (7013),"上升趋势回踩MA20企稳(最低2,726触及MA20(2,810),收阳2,820收回上方,MA20五日升3.6%)",2820.5,0.36,4.3,0.8,51.6,2072.857177734375(2025-07-14),4698.0(2026-02-10),1
2026-07-13,电力/电网,6501.T,日立制作所 (6501),"上升趋势回踩MA20企稳(最低4,686触及MA20(4,690),收阳4,726收回上方,MA20五日升0.2%)",4726.0,0.55,-0.2,0.55,48.7,3822.0(2025-09-04),6039.0(2026-02-10),1
2026-07-14,半导体/AI,3436.T,胜高SUMCO (3436),"放量突破60日新高(收5,383>前高5,244,量1.9倍)",5383.0,4.87,29.6,1.91,66.2,1126.0(2025-08-04),5939.0(2026-07-13),1
2026-07-14,半导体/AI,7735.T,SCREEN (7735),"上升趋势回踩MA20企稳(最低17,270触及MA20(17,335),收阳18,210收回上方,MA20五日升5.8%)",18210.0,2.56,21.6,0.84,60.6,5335.0(2025-09-03),19770.0(2026-07-01),1
2026-07-14,半导体/AI,6871.T,日本麦克隆尼 (6871),"上升趋势回踩MA20企稳(最低15,740触及MA20(16,268),收阳16,570收回上方,MA20五日升3.0%)",16570.0,0.12,6.8,0.77,55.4,4245.0(2025-08-18),18180.0(2026-07-01),1
2026-07-14,半导体/AI,4063.T,信越化学 (4063),"上升趋势回踩MA20企稳(最低7,256触及MA20(7,192),收阳7,472收回上方,MA20五日升0.2%)",7472.0,1.8,0.2,0.65,56.2,4280.0(2025-08-04),7930.0(2026-06-01),1
2026-07-14,金融,8630.T,SOMPO损保 (8630),"上升趋势回踩MA20企稳(最低6,470触及MA20(6,414),收阳6,594收回上方,MA20五日升1.6%)",6594.0,1.79,5.5,0.7,59.0,4193.0(2025-07-14),6820.0(2026-07-07),1
2026-07-14,金融,8750.T,第一生命 (8750),"上升趋势回踩MA20企稳(最低1,810触及MA20(1,811),收阳1,848收回上方,MA20五日升1.4%)",1848.0,1.09,3.3,0.76,61.5,1052.0(2025-11-05),1903.0(2026-07-07),1
2026-07-14,金融,8591.T,欧力士ORIX (8591),"上升趋势回踩MA20企稳(最低6,321触及MA20(6,324),收阳6,444收回上方,MA20五日升1.1%)",6444.0,0.83,2.2,0.47,60.3,3240.0(2025-07-17),6580.0(2026-07-13),1
2026-07-14,防卫,7721.T,东京计器 (7721),"上升趋势回踩MA20企稳(最低6,110触及MA20(6,386),收阳6,460收回上方,MA20五日升5.2%)",6460.0,3.19,22.1,0.52,52.3,3910.0(2025-07-15),9540.0(2026-03-02),1
2026-07-14,防卫,7013.T,IHI (7013),"上升趋势回踩MA20企稳(最低2,774触及MA20(2,812),收阳2,826收回上方,MA20五日升2.6%)",2826.5,0.5,1.9,0.52,52.0,2072.857177734375(2025-07-14),4698.0(2026-02-10),2
2026-07-14,电力/电网,6501.T,日立制作所 (6501),"上升趋势回踩MA20企稳(最低4,714触及MA20(4,692),收阳4,800收回上方,MA20五日升0.2%)",4800.0,1.78,1.1,0.51,52.0,3822.0(2025-09-04),6039.0(2026-02-10),2
2026-07-14,游戏/内容,4661.T,东方乐园(东京迪士尼) (4661),"放量突破60日新高(收2,759>前高2,650,量2.0倍)",2759.0,4.11,21.2,2.05,80.2,2103.0(2026-05-25),3715.0(2025-09-16),1
2026-07-14,游戏/内容,9601.T,松竹 (9601),"放量突破60日新高(收11,330>前高11,130,量3.1倍)",11330.0,4.71,10.2,3.05,70.9,9860.0(2026-06-04),15410.0(2025-08-27),1
2026-07-14,商社,8001.T,伊藤忠商事 (8001),"上升趋势回踩MA20企稳(最低1,876触及MA20(1,864),收阳1,904收回上方,MA20五日升0.3%)",1904.0,1.41,2.4,0.76,55.7,1496.199951171875(2025-07-16),2286.5(2026-02-27),1
2026-07-14,商社,8002.T,丸红 (8002),"上升趋势回踩MA20企稳(最低4,837触及MA20(4,846),收阳4,931收回上方,MA20五日升0.1%)",4931.0,1.42,0.2,0.47,49.8,2900.5(2025-07-17),6328.0(2026-02-12),1
2026-07-15,半导体/AI,6315.T,TOWA (6315),"上升趋势回踩MA20企稳(最低3,180触及MA20(3,246),收阳3,390收回上方,MA20五日升1.9%)",3390.0,5.94,10.1,1.07,57.1,1622.0(2025-08-22),3735.0(2026-07-01),1,1
2026-07-15,半导体/AI,6871.T,日本麦克隆尼 (6871),"上升趋势回踩MA20企稳(最低16,320触及MA20(16,306),收阳16,850收回上方,MA20五日升2.4%)",16850.0,1.94,4.9,0.63,57.0,4245.0(2025-08-18),18180.0(2026-07-01),3,3
2026-07-15,半导体/AI,6857.T,爱德万测试 (6857),"上升趋势回踩MA20企稳(最低29,730触及MA20(30,734),收阳31,450收回上方,MA20五日升1.1%)",31450.0,5.63,4.6,0.85,56.1,9744.0(2025-08-07),35940.0(2026-06-25),1,1
2026-07-15,半导体/AI,8035.T,东京电子 (8035),"上升趋势回踩MA20企稳(最低70,780触及MA20(73,359),收阳74,460收回上方,MA20五日升0.9%)",74460.0,4.68,2.5,0.79,57.9,19870.0(2025-09-03),81260.0(2026-07-01),1,1
2026-07-15,防卫,7721.T,东京计器 (7721),"上升趋势回踩MA20企稳(最低6,350触及MA20(6,424),收阳6,580收回上方,MA20五日升4.6%)",6580.0,1.7,12.9,0.35,54.2,3910.0(2025-07-15),9540.0(2026-03-02),2,2
2026-07-15,防卫,6203.T,丰和工业 (6203),"上升趋势回踩MA20企稳(最低1,522触及MA20(1,609),收阳1,649收回上方,MA20五日升0.6%)",1649.0,3.39,1.2,1.19,53.5,973.0(2025-07-15),2030.0(2026-02-20),1,2
2026-07-15,电力/电网,9502.T,中部电力 (9502),"上升趋势回踩MA20企稳(最低3,036触及MA20(3,055),收阳3,099收回上方,MA20五日升2.5%)",3099.0,3.27,9.6,0.57,56.1,1795.0(2025-07-22),3286.0(2026-07-09),1,1
2026-07-15,电力/电网,6841.T,横河电机 (6841),"上升趋势回踩MA20企稳(最低5,519触及MA20(5,588),收阳5,637收回上方,MA20五日升2.1%)",5637.0,3.05,4.8,0.71,55.7,3751.0(2025-07-15),6317.0(2026-02-27),2,2
2026-07-15,游戏/内容,3765.T,GungHo (3765),"上升趋势回踩MA20企稳(最低2,295触及MA20(2,279),收阳2,332收回上方,MA20五日升1.6%)",2332.0,0.3,7.5,0.72,54.0,2125.0(2026-06-19),3049.0(2025-08-12),1,1
2026-07-16,半导体/AI,7735.T,SCREEN (7735),"上升趋势回踩MA20企稳(最低17,620触及MA20(17,632),收阳18,805收回上方,MA20五日升4.8%)",18805.0,-0.66,14.5,1.05,62.7,5335.0(2025-09-03),19770.0(2026-07-01),2,3
2026-07-16,电力/电网,9507.T,四国电力 (9507),"上升趋势回踩MA20企稳(最低1,488触及MA20(1,480),收阳1,499收回上方,MA20五日升0.3%)",1499.0,-0.17,3.1,0.86,54.0,1194.5(2025-07-16),1872.5(2026-04-08),1,1
2026-07-16,电力/电网,6501.T,日立制作所 (6501),"上升趋势回踩MA20企稳(最低4,726触及MA20(4,698),收阳4,835收回上方,MA20五日升0.2%)",4835.0,0.81,0.7,0.92,53.6,3822.0(2025-09-04),6039.0(2026-02-10),3,3
2026-07-16,游戏/内容,7867.T,多美Takara Tomy (7867),"放量突破60日新高(收3,456>前高3,431,量1.7倍)",3456.0,0.73,17.4,1.72,74.7,2496.0(2026-05-01),3648.0(2025-08-18),1,1
2026-07-16,游戏/内容,6460.T,世嘉飒美 (6460),"MA20(2,306)放量上穿MA60(2,297)中期金叉,量1.4倍确认",2493.5,2.47,17.1,1.44,68.1,2078.0(2026-06-19),3485.0(2025-08-19),1,1
2026-07-16,游戏/内容,3659.T,NEXON (3659),"上升趋势回踩MA20企稳(最低2,238触及MA20(2,228),收阳2,280收回上方,MA20五日升0.6%)",2280.5,2.38,2.6,0.51,52.8,2110.0(2026-06-26),4434.0(2026-01-23),1,1
2026-07-17,电力/电网,9505.T,北陆电力 (9505),"MA20(887)放量上穿MA60(883)中期金叉,量1.3倍确认",907.5,-0.59,7.5,1.26,57.2,714.9000244140625(2025-07-17),1142.0(2026-03-03),1,1
2026-07-17,电力/电网,6501.T,日立制作所 (6501),"上升趋势回踩MA20企稳(最低4,616触及MA20(4,696),收阳4,716收回上方,MA20五日升0.1%)",4716.0,-2.32,-1.0,0.71,47.8,3822.0(2025-09-04),6039.0(2026-02-10),4,4
2026-07-17,游戏/内容,7867.T,多美Takara Tomy (7867),"放量突破60日新高(收3,511>前高3,466,量2.4倍)",3511.0,1.3,20.0,2.39,77.0,2496.0(2026-05-01),3648.0(2025-08-18),2,2
2026-07-17,游戏/内容,9602.T,东宝(日本影业) (9602),"MA20(1,321)放量上穿MA60(1,318)中期金叉,量1.7倍确认",1430.5,2.36,15.2,1.7,67.4,1191.0(2026-05-27),2059.0(2025-08-19),1,2
2026-07-17,游戏/内容,9684.T,史克威尔艾尼克斯 (9684),"上升趋势回踩MA20企稳(最低2,502触及MA20(2,487),收阳2,538收回上方,MA20五日升0.9%)",2538.5,1.58,4.1,0.59,53.0,2325.0(2026-06-26),3861.666748046875(2025-08-18),1,1
2026-07-21,金融,7186.T,横滨金融集团 (7186),"上升趋势回踩MA20企稳(最低1,800触及MA20(1,822),收阳1,870收回上方,MA20五日升1.7%)",1870.5,4.26,5.2,0.62,56.9,953.0(2025-07-22),1952.0(2026-07-08),1,1
2026-07-21,金融,8316.T,三井住友金融 (8316),"上升趋势回踩MA20企稳(最低6,734触及MA20(6,685),收阳6,962收回上方,MA20五日升1.6%)",6962.0,3.59,4.8,0.89,61.4,3600.0(2025-07-22),7137.0(2026-07-15),1,1
2026-07-21,金融,8331.T,千叶银行 (8331),"上升趋势回踩MA20企稳(最低2,540触及MA20(2,618),收阳2,646收回上方,MA20五日升1.9%)",2646.0,4.34,4.8,0.83,54.1,1336.0(2025-07-22),2813.0(2026-07-08),1,1
2026-07-21,金融,8354.T,福冈金融 (8354),"上升趋势回踩MA20企稳(最低7,127触及MA20(7,176),收阳7,383收回上方,MA20五日升1.5%)",7383.0,4.26,4.0,0.84,56.6,3970.0(2025-07-22),7637.0(2026-07-16),1,1
2026-07-21,金融,8697.T,日本交易所JPX (8697),"上升趋势回踩MA20企稳(最低2,140触及MA20(2,133),收阳2,230收回上方,MA20五日升0.3%)",2230.5,4.13,3.5,0.55,58.8,1440.0(2025-07-29),2267.0(2026-06-18),1,1
2026-07-21,金融,8411.T,瑞穗金融 (8411),"上升趋势回踩MA20企稳(最低7,924触及MA20(8,084),收阳8,271收回上方,MA20五日升1.1%)",8271.0,4.3,2.8,0.89,55.9,4133.0(2025-07-22),8693.0(2026-07-15),1,1
2026-07-21,金融,8308.T,里索那控股 (8308),"上升趋势回踩MA20企稳(最低2,219触及MA20(2,245),收阳2,280收回上方,MA20五日升1.4%)",2279.5,2.47,2.2,0.84,54.2,1288.5(2025-07-22),2420.5(2026-07-15),1,1
2026-07-21,金融,7182.T,日本邮储银行 (7182),"上升趋势回踩MA20企稳(最低3,145触及MA20(3,207),收阳3,333收回上方,MA20五日升0.5%)",3333.0,6.11,2.0,1.24,58.0,1631.0(2025-07-22),3402.0(2026-07-07),1,1
2026-07-21,金融,8750.T,第一生命 (8750),"上升趋势回踩MA20企稳(最低1,804触及MA20(1,818),收阳1,864收回上方,MA20五日升0.5%)",1864.5,3.64,1.6,0.74,58.8,1052.0(2025-11-05),1917.0(2026-07-15),1,2
2026-07-21,金融,8591.T,欧力士ORIX (8591),"上升趋势回踩MA20企稳(最低6,212触及MA20(6,334),收阳6,501收回上方,MA20五日升0.3%)",6501.0,4.8,0.2,0.8,57.0,3285.0(2025-07-22),6605.0(2026-07-16),1,4
2026-07-21,金融,8795.T,T&D控股 (8795),"上升趋势回踩MA20企稳(最低4,845触及MA20(4,875),收阳4,973收回上方,MA20五日升0.3%)",4973.0,3.76,-0.2,0.47,57.8,3186.0(2025-11-05),5098.0(2026-07-07),1,3
2026-07-21,电力/电网,6841.T,横河电机 (6841),"上升趋势回踩MA20企稳(最低5,496触及MA20(5,590),收阳5,702收回上方,MA20五日升0.5%)",5702.0,4.28,0.1,0.92,57.4,3761.0(2025-07-22),6317.0(2026-02-27),2,3
2026-07-21,电力/电网,6501.T,日立制作所 (6501),"上升趋势回踩MA20企稳(最低4,675触及MA20(4,692),收阳4,782收回上方,MA20五日升0.1%)",4782.0,1.38,-1.7,0.6,51.0,3822.0(2025-09-04),6039.0(2026-02-10),3,5
2026-07-21,电力/电网,1963.T,日挥控股 (1963),RSI超卖回升(29.7→36.3),2264.5,2.84,-13.5,0.69,36.3,1270.0(2025-07-22),2927.5(2026-05-25),1,1
2026-07-21,游戏/内容,7867.T,多美Takara Tomy (7867),"放量突破60日新高(收3,706>前高3,531,量2.0倍)",3706.0,4.96,22.6,2.02,83.1,2496.0(2026-05-01),3732.0(2026-07-21),3,3
2026-07-22,金融,8331.T,千叶银行 (8331),"上升趋势回踩MA20企稳(最低2,650触及MA20(2,630),收阳2,708收回上方,MA20五日升1.7%)",2708.0,1.84,9.7,0.53,58.0,1336.0(2025-07-22),2813.0(2026-07-08),2,2
2026-07-22,金融,7167.T,Mebuki金融 (7167),"上升趋势回踩MA20企稳(最低1,478触及MA20(1,481),收阳1,494收回上方,MA20五日升1.2%)",1494.0,1.32,5.9,0.88,54.6,783.7999877929688(2025-07-22),1585.5(2026-07-10),1,1
2026-07-22,防卫,6702.T,富士通 (6702),"上升趋势回踩MA20企稳(最低3,181触及MA20(3,298),收阳3,301收回上方,MA20五日升0.3%)",3301.0,-0.24,4.4,0.82,48.9,3016.0(2026-05-01),4668.0(2026-01-15),1,1
2026-07-22,防卫,7721.T,东京计器 (7721),"上升趋势回踩MA20企稳(最低6,340触及MA20(6,422),收阳6,440收回上方,MA20五日升0.5%)",6440.0,0.47,2.9,0.51,51.7,3950.0(2025-07-29),9540.0(2026-03-02),1,3
2026-07-22,电力/电网,9507.T,四国电力 (9507),"上升趋势回踩MA20企稳(最低1,502触及MA20(1,490),收阳1,528收回上方,MA20五日升1.0%)",1528.5,0.59,6.4,0.8,61.3,1231.0(2025-07-22),1872.5(2026-04-08),2,2
2026-07-22,游戏/内容,9684.T,史克威尔艾尼克斯 (9684),"上升趋势回踩MA20企稳(最低2,473触及MA20(2,499),收阳2,508收回上方,MA20五日升0.9%)",2508.0,-1.3,4.8,0.62,49.1,2325.0(2026-06-26),3861.666748046875(2025-08-18),2,2
2026-07-22,游戏/内容,9766.T,科乐美KONAMI (9766),"上升趋势回踩MA20企稳(最低18,140触及MA20(18,191),收阳18,475收回上方,MA20五日升0.8%)",18475.0,-0.14,3.9,0.67,50.0,16850.0(2026-06-19),26645.0(2025-10-31),1,1
2026-07-23,防卫,7721.T,东京计器 (7721),"MA5(6,466)放量上穿MA20(6,450)短线金叉,量1.5倍确认；MA20(6,450)放量上穿MA60(6,404)中期金叉,量1.5倍确认",6910.0,7.47,9.2,1.53,58.9,3950.0(2025-07-29),9540.0(2026-03-02),2,4
2026-07-23,游戏/内容,9602.T,东宝(日本影业) (9602),"上升趋势回踩MA20企稳(最低1,334触及MA20(1,343),收阳1,359收回上方,MA20五日升2.9%)",1359.0,-1.2,7.3,0.78,52.8,1191.0(2026-05-27),2059.0(2025-08-19),2,3
2026-07-24,金融,8795.T,T&D控股 (8795),"上升趋势回踩MA20企稳(最低4,949触及MA20(4,926),收阳5,104收回上方,MA20五日升0.9%)",5104.0,1.09,8.8,0.59,62.2,3186.0(2025-11-05),5118.0(2026-07-24),2,4
2026-07-24,电力/电网,9532.T,大阪瓦斯 (9532),"上升趋势回踩MA20企稳(最低5,398触及MA20(5,412),收阳5,523收回上方,MA20五日升0.1%)",5523.0,1.3,3.1,0.83,56.1,3678.0(2025-07-29),6828.0(2026-03-05),1,1
2026-07-24,电力/电网,9531.T,东京瓦斯 (9531),"上升趋势回踩MA20企稳(最低6,108触及MA20(6,086),收阳6,226收回上方,MA20五日升0.0%)",6226.0,1.07,2.6,0.92,55.8,4726.0(2025-07-30),7967.0(2026-03-05),1,1
2026-07-24,游戏/内容,4816.T,东映动画 (4816),"上升趋势回踩MA20企稳(最低2,628触及MA20(2,615),收阳2,708收回上方,MA20五日升3.9%)",2708.0,2.97,18.0,1.04,59.6,2239.0(2026-02-25),3620.0(2025-08-06),1,1
2026-07-24,游戏/内容,6460.T,世嘉飒美 (6460),"放量突破60日新高(收2,520>前高2,508,量1.7倍)；上升趋势回踩MA20企稳(最低2,408触及MA20(2,388),收阳2,520收回上方,MA20五日升3.6%)",2520.0,3.66,17.6,1.67,65.2,2078.0(2026-06-19),3485.0(2025-08-19),1,2
2026-07-24,游戏/内容,9697.T,卡普空 (9697),"上升趋势回踩MA20企稳(最低3,280触及MA20(3,259),收阳3,364收回上方,MA20五日升4.1%)",3364.0,0.21,16.4,0.87,62.3,2736.0(2026-06-15),4631.0(2025-07-25),1,1
2026-07-24,游戏/内容,9602.T,东宝(日本影业) (9602),"上升趋势回踩MA20企稳(最低1,348触及MA20(1,351),收阳1,446收回上方,MA20五日升3.0%)",1446.5,6.48,13.2,1.65,63.5,1191.0(2026-05-27),2059.0(2025-08-19),2,4
2026-07-24,游戏/内容,4661.T,东方乐园(东京迪士尼) (4661),"上升趋势回踩MA20企稳(最低2,604触及MA20(2,599),收阳2,682收回上方,MA20五日升3.3%)",2682.5,2.0,12.1,0.85,61.3,2103.0(2026-05-25),3715.0(2025-09-16),1,2
2026-07-24,游戏/内容,7832.T,万代南梦宫 (7832),"上升趋势回踩MA20企稳(最低4,043触及MA20(4,012),收阳4,111收回上方,MA20五日升3.0%)",4111.0,0.44,10.2,0.59,62.4,3530.0(2026-06-16),5729.0(2025-08-18),1,1
2026-07-24,游戏/内容,9601.T,松竹 (9601),"上升趋势回踩MA20企稳(最低10,800触及MA20(10,817),收阳11,110收回上方,MA20五日升2.3%)",11110.0,2.87,8.7,0.78,57.4,9860.0(2026-06-04),15410.0(2025-08-27),1,2
2026-07-24,游戏/内容,3659.T,NEXON (3659),"上升趋势回踩MA20企稳(最低2,226触及MA20(2,251),收阳2,278收回上方,MA20五日升1.0%)",2278.0,1.38,6.7,0.78,52.3,2110.0(2026-06-26),4434.0(2026-01-23),1,2
2026-07-24,游戏/内容,6758.T,索尼集团 (6758),"上升趋势回踩MA20企稳(最低3,360触及MA20(3,384),收阳3,409收回上方,MA20五日升2.0%)",3409.0,-1.04,6.6,0.58,51.9,3043.0(2026-05-08),4776.0(2025-11-13),1,1
2026-07-24,游戏/内容,3765.T,GungHo (3765),"上升趋势回踩MA20企稳(最低2,280触及MA20(2,324),收阳2,330收回上方,MA20五日升1.5%)",2330.0,0.87,5.5,0.9,52.8,2125.0(2026-06-19),3049.0(2025-08-12),1,2
2026-07-24,游戏/内容,9766.T,科乐美KONAMI (9766),"上升趋势回踩MA20企稳(最低17,830触及MA20(18,283),收阳18,320收回上方,MA20五日升1.3%)",18320.0,0.41,5.4,0.82,48.0,16850.0(2026-06-19),26645.0(2025-10-31),2,2
2026-07-27,金融,8253.T,Credit Saison (8253),"上升趋势回踩MA20企稳(最低4,582触及MA20(4,598),收阳4,648收回上方,MA20五日升2.1%)",4648.0,1.04,8.2,1.0,56.8,3561.0(2025-11-18),4940.0(2026-02-16),1,1
2026-07-27,防卫,6701.T,NEC日本电气 (6701),"上升趋势回踩MA20企稳(最低4,298触及MA20(4,282),收阳4,439收回上方,MA20五日升3.5%)",4439.0,4.47,17.0,0.71,58.6,3606.0(2026-02-24),6194.0(2025-11-25),1,1
2026-07-27,防卫,6702.T,富士通 (6702),"上升趋势回踩MA20企稳(最低3,336触及MA20(3,317),收阳3,473收回上方,MA20五日升1.0%)",3473.0,5.92,8.6,1.01,59.6,3016.0(2026-05-01),4668.0(2026-01-15),2,2
2026-07-27,游戏/内容,3659.T,NEXON (3659),"上升趋势回踩MA20企稳(最低2,280触及MA20(2,265),收阳2,416收回上方,MA20五日升1.5%)",2416.0,6.06,13.1,0.99,64.9,2110.0(2026-06-26),4434.0(2026-01-23),2,3
2026-07-27,游戏/内容,9766.T,科乐美KONAMI (9766),"上升趋势回踩MA20企稳(最低18,530触及MA20(18,395),收阳19,525收回上方,MA20五日升1.5%)",19525.0,6.58,13.0,0.89,62.2,16850.0(2026-06-19),26645.0(2025-10-31),3,3
2026-07-27,游戏/内容,4751.T,CyberAgent (4751),"上升趋势回踩MA20企稳(最低1,398触及MA20(1,460),收阳1,468收回上方,MA20五日升2.4%)",1468.0,4.52,13.0,1.34,55.6,1204.0(2026-03-04),1933.0(2025-08-19),1,1
2026-07-27,游戏/内容,7974.T,任天堂 (7974),"上升趋势回踩MA20企稳(最低7,071触及MA20(7,067),收阳7,416收回上方,MA20五日升0.8%)",7416.0,6.41,12.6,1.14,59.3,6544.0(2026-06-26),14795.0(2025-08-18),1,1
2026-07-27,游戏/内容,9684.T,史克威尔艾尼克斯 (9684),"上升趋势回踩MA20企稳(最低2,526触及MA20(2,528),收阳2,636收回上方,MA20五日升1.6%)",2636.0,5.17,12.4,0.56,61.9,2325.0(2026-06-26),3861.666748046875(2025-08-18),2,3
2026-07-27,游戏/内容,3765.T,GungHo (3765),"上升趋势回踩MA20企稳(最低2,330触及MA20(2,335),收阳2,415收回上方,MA20五日升1.6%)",2415.0,3.65,10.3,0.95,63.2,2125.0(2026-06-19),3049.0(2025-08-12),2,3
2026-07-28,防卫,6702.T,富士通 (6702),"MA20(3,336)放量上穿MA60(3,333)中期金叉,量1.9倍确认",3645.0,4.68,11.0,1.9,66.8,3016.0(2026-05-01),4668.0(2026-01-15),3,3
2026-07-28,游戏/内容,4751.T,CyberAgent (4751),"上升趋势回踩MA20企稳(最低1,478触及MA20(1,468),收阳1,510收回上方,MA20五日升2.5%)",1510.0,2.55,12.1,1.39,60.4,1204.0(2026-03-04),1933.0(2025-08-19),2,2
2026-07-29,金融,8593.T,三菱HC Capital (8593),"放量突破60日新高(收1,517>前高1,470,量1.6倍)",1517.0,3.41,15.4,1.64,78.7,1095.5(2025-07-29),1541.5(2026-02-19),1,1
2026-07-29,金融,8306.T,三菱UFJ金融集团 (8306),"上升趋势回踩MA20企稳(最低3,560触及MA20(3,541),收阳3,657收回上方,MA20五日升3.7%)",3657.0,-0.11,14.0,1.0,60.0,2021.0(2025-08-04),3813.0(2026-07-27),1,1
2026-07-29,金融,8309.T,三井住友信托 (8309),"上升趋势回踩MA20企稳(最低6,646触及MA20(6,622),收阳6,842收回上方,MA20五日升3.3%)",6842.0,1.08,13.0,1.03,64.7,3832.0(2025-08-04),6995.0(2026-07-28),1,1
2026-07-29,金融,8604.T,野村控股 (8604),"上升趋势回踩MA20企稳(最低1,545触及MA20(1,551),收阳1,571收回上方,MA20五日升3.0%)",1571.0,0.0,11.1,0.95,57.5,969.0(2025-08-04),1636.0(2026-07-16),1,1
2026-07-29,金融,8316.T,三井住友金融 (8316),"上升趋势回踩MA20企稳(最低6,731触及MA20(6,895),收阳6,898收回上方,MA20五日升2.7%)",6898.0,-0.52,8.7,1.16,53.9,3653.0(2025-08-04),7260.0(2026-07-27),1,2
2026-07-29,金融,8591.T,欧力士ORIX (8591),"上升趋势回踩MA20企稳(最低6,358触及MA20(6,442),收阳6,489收回上方,MA20五日升1.5%)",6489.0,1.39,5.5,1.17,53.3,3322.0(2025-07-29),6680.0(2026-07-28),1,5
2026-07-29,金融,8795.T,T&D控股 (8795),"上升趋势回踩MA20企稳(最低4,954触及MA20(4,982),收阳5,066收回上方,MA20五日升2.0%)",5066.0,0.68,5.4,0.96,57.9,3186.0(2025-11-05),5176.0(2026-07-27),2,5
2026-07-29,防卫,6702.T,富士通 (6702),"放量突破60日新高(收3,832>前高3,701,量1.9倍)",3832.0,3.57,18.0,1.93,72.4,3016.0(2026-05-01),4668.0(2026-01-15),3,4
2026-07-29,电力/电网,9505.T,北陆电力 (9505),"放量突破60日新高(收989>前高966,量1.8倍)",989.2999877929688,3.57,13.8,1.81,70.3,757.0(2025-07-29),1142.0(2026-03-03),1,2
2026-07-29,电力/电网,9504.T,中国电力(日本·广岛) (9504),"上升趋势回踩MA20企稳(最低939触及MA20(931),收阳953收回上方,MA20五日升1.5%)",952.9000244140625,0.53,7.2,1.27,63.1,798.4000244140625(2025-08-01),1145.0(2026-02-19),1,1
2026-07-29,游戏/内容,9697.T,卡普空 (9697),"放量突破60日新高(收4,210>前高3,529,量7.1倍)",4210.0,19.3,39.8,7.05,85.9,2736.0(2026-06-15),4464.0(2025-10-08),2,2
2026-07-29,游戏/内容,6460.T,世嘉飒美 (6460),"放量突破60日新高(收2,915>前高2,750,量1.9倍)",2915.0,6.0,32.0,1.86,82.0,2078.0(2026-06-19),3485.0(2025-08-19),2,3
2026-07-29,游戏/内容,9766.T,科乐美KONAMI (9766),"放量突破60日新高(收22,265>前高21,090,量2.7倍)",22265.0,10.55,26.0,2.67,77.9,16850.0(2026-06-19),26645.0(2025-10-31),3,4
2026-07-29,游戏/内容,7832.T,万代南梦宫 (7832),"放量突破60日新高(收4,723>前高4,522,量1.5倍)",4723.0,4.44,24.8,1.52,82.7,3530.0(2026-06-16),5729.0(2025-08-18),2,2
2026-07-29,游戏/内容,4661.T,东方乐园(东京迪士尼) (4661),"放量突破60日新高(收3,020>前高2,904,量1.6倍)",3020.0,3.99,21.3,1.64,76.5,2103.0(2026-05-25),3715.0(2025-09-16),2,3
2026-07-29,游戏/内容,9684.T,史克威尔艾尼克斯 (9684),"放量突破60日新高(收2,924>前高2,782,量2.7倍)",2923.5,8.24,21.3,2.69,76.7,2325.0(2026-06-26),3861.666748046875(2025-08-18),2,4
2026-07-29,游戏/内容,7974.T,任天堂 (7974),"放量突破60日新高(收7,990>前高7,738,量2.0倍)",7990.0,4.32,17.2,1.99,70.2,6544.0(2026-06-26),14795.0(2025-08-18),2,2
2026-07-29,游戏/内容,6758.T,索尼集团 (6758),"放量突破60日新高(收3,806>前高3,720,量1.5倍)",3806.0,3.93,16.0,1.51,74.0,3043.0(2026-05-08),4776.0(2025-11-13),2,2
2026-07-29,游戏/内容,2432.T,DeNA (2432),"上升趋势回踩MA20企稳(最低2,466触及MA20(2,508),收阳2,536收回上方,MA20五日升0.5%)",2536.5,2.73,3.5,0.82,54.3,2200.5(2025-09-01),2885.0(2025-11-11),1,1
2026-07-30,半导体/AI,6762.T,TDK (6762),RSI超卖回升(29.0→32.1),2802.0,2.04,-24.3,1.01,32.1,1766.0(2025-08-04),4315.0(2026-06-01),1,1
2026-07-30,半导体/AI,8035.T,东京电子 (8035),RSI超卖回升(28.1→32.1),52160.0,4.32,-33.8,1.34,32.1,19870.0(2025-09-03),81260.0(2026-07-01),1,2
2026-07-30,金融,8750.T,第一生命 (8750),"上升趋势回踩MA20企稳(最低1,872触及MA20(1,875),收阳1,898收回上方,MA20五日升2.4%)",1898.0,-1.96,6.0,0.78,56.4,1052.0(2025-11-05),1959.0(2026-07-27),1,3
2026-07-30,金融,8795.T,T&D控股 (8795),"上升趋势回踩MA20企稳(最低4,933触及MA20(4,992),收阳5,008收回上方,MA20五日升1.8%)",5008.0,-1.42,4.0,0.58,54.6,3186.0(2025-11-05),5176.0(2026-07-27),3,6
2026-07-30,防卫,6701.T,NEC日本电气 (6701),"放量突破60日新高(收4,998>前高4,613,量2.5倍)",4998.0,8.35,25.5,2.52,72.9,3606.0(2026-02-24),6194.0(2025-11-25),2,2
2026-07-30,电力/电网,9501.T,东京电力 (9501),"上升趋势回踩MA20企稳(最低498触及MA20(498),收阳526收回上方,MA20五日升3.3%)",525.7999877929688,-1.48,15.5,1.71,57.8,442.79998779296875(2026-07-01),939.4000244140625(2025-11-13),1,1
2026-07-30,电力/电网,9504.T,中国电力(日本·广岛) (9504),"上升趋势回踩MA20企稳(最低927触及MA20(933),收阳942收回上方,MA20五日升1.4%)",942.2999877929688,-1.23,4.9,1.2,57.4,798.4000244140625(2025-08-01),1145.0(2026-02-19),2,2
2026-07-30,电力/电网,9513.T,电源开发J-POWER (9513),"上升趋势回踩MA20企稳(最低3,736触及MA20(3,713),收阳3,809收回上方,MA20五日升1.2%)",3809.0,-1.04,4.8,1.08,54.2,2565.5(2025-07-30),4514.0(2026-04-02),1,1
2026-07-30,游戏/内容,7974.T,任天堂 (7974),"MA20(7,223)放量上穿MA60(7,192)中期金叉,量1.3倍确认",8192.0,2.58,17.4,1.26,73.0,6544.0(2026-06-26),14795.0(2025-08-18),3,3
2026-07-30,商社,8002.T,丸红 (8002),"上升趋势回踩MA20企稳(最低5,109触及MA20(5,095),收阳5,191收回上方,MA20五日升3.2%)",5191.0,-0.27,11.2,0.51,54.1,2970.0(2025-08-04),6328.0(2026-02-12),1,3
2026-07-30,商社,2768.T,双日 (2768),"上升趋势回踩MA20企稳(最低5,279触及MA20(5,257),收阳5,347收回上方,MA20五日升0.8%)",5347.0,0.17,3.6,0.75,53.1,3539.0(2025-07-30),7257.0(2026-03-03),1,2
2026-07-31,半导体/AI,4063.T,信越化学 (4063),RSI超卖回升(29.2→31.2),5832.0,1.32,-17.0,1.81,31.2,4280.0(2025-08-04),7930.0(2026-06-01),1,3
2026-07-31,半导体/AI,6723.T,瑞萨电子 (6723),RSI超卖回升(28.3→35.7),3445.0,7.79,-28.9,1.39,35.7,1656.5(2025-09-05),5284.0(2026-06-23),1,2
2026-07-31,半导体/AI,6506.T,安川电机 (6506),RSI超卖回升(29.7→36.7),4883.0,7.46,-29.7,0.88,36.7,2865.0(2025-09-04),7915.0(2026-06-22),1,1
2026-07-31,半导体/AI,6526.T,索思未来Socionext (6526),RSI超卖回升(29.9→30.9),1912.5,1.0,-30.9,1.46,30.9,1678.5(2026-03-09),3491.0(2025-10-31),1,2
2026-07-31,金融,8750.T,第一生命 (8750),"上升趋势回踩MA20企稳(最低1,892触及MA20(1,880),收阳1,922收回上方,MA20五日升2.1%)",1922.0,1.26,5.3,0.6,58.9,1052.0(2025-11-05),1959.0(2026-07-27),2,4
2026-07-31,金融,8795.T,T&D控股 (8795),"上升趋势回踩MA20企稳(最低5,026触及MA20(5,002),收阳5,093收回上方,MA20五日升1.5%)",5093.0,1.45,3.9,0.65,58.2,3186.0(2025-11-05),5176.0(2026-07-27),3,7
2026-07-31,防卫,6946.T,日本Avionics (6946),"上升趋势回踩MA20企稳(最低4,800触及MA20(5,058),收阳5,340收回上方,MA20五日升0.5%)",5340.0,7.01,4.3,2.31,54.5,4020.0(2025-09-05),9000.0(2026-03-11),1,2
2026-07-31,防卫,7013.T,IHI (7013),"上升趋势回踩MA20企稳(最低2,804触及MA20(2,833),收阳2,842收回上方,MA20五日升0.8%)",2841.5,2.53,1.4,1.14,53.1,2095.71435546875(2025-09-03),4698.0(2026-02-10),1,3
2026-07-31,电力/电网,9507.T,四国电力 (9507),"放量突破60日新高(收1,679>前高1,613,量2.3倍)",1679.0,5.66,14.0,2.27,75.7,1235.0(2025-08-01),1872.5(2026-04-08),1,3
2026-07-31,电力/电网,6501.T,日立制作所 (6501),"MA20(4,858)放量上穿MA60(4,858)中期金叉,量1.3倍确认",5281.0,0.49,13.1,1.3,67.6,3822.0(2025-09-04),6039.0(2026-02-10),1,6
2026-07-31,电力/电网,6841.T,横河电机 (6841),"上升趋势回踩MA20企稳(最低5,580触及MA20(5,650),收阳5,807收回上方,MA20五日升0.5%)",5807.0,3.6,4.0,0.69,56.6,3955.0(2025-08-06),6317.0(2026-02-27),1,4
2026-07-31,电力/电网,9531.T,东京瓦斯 (9531),"上升趋势回踩MA20企稳(最低6,059触及MA20(6,129),收阳6,192收回上方,MA20五日升0.7%)",6192.0,-1.13,3.1,0.74,51.1,4950.0(2025-07-31),7967.0(2026-03-05),1,2
2026-07-31,游戏/内容,4661.T,东方乐园(东京迪士尼) (4661),"放量突破60日新高(收3,151>前高3,030,量2.8倍)",3151.0,7.91,25.8,2.82,74.4,2103.0(2026-05-25),3715.0(2025-09-16),2,4
2026-07-31,游戏/内容,9766.T,科乐美KONAMI (9766),"MA20(19,099)放量上穿MA60(19,037)中期金叉,量1.8倍确认",20560.0,-5.86,13.9,1.76,58.8,16850.0(2026-06-19),26645.0(2025-10-31),3,5
2026-07-31,商社,8002.T,丸红 (8002),"上升趋势回踩MA20企稳(最低5,137触及MA20(5,117),收阳5,237收回上方,MA20五日升2.8%)",5237.0,0.79,9.0,0.73,56.1,2970.0(2025-08-04),6328.0(2026-02-12),2,4
2026-07-31,商社,8053.T,住友商事 (8053),"上升趋势回踩MA20企稳(最低1,540触及MA20(1,587),收阳1,664收回上方,MA20五日升0.9%)",1663.5,4.49,5.0,2.48,59.9,948.25(2025-08-04),1943.75(2026-05-13),1,1
2026-08-03,防卫,7721.T,东京计器 (7721),"上升趋势回踩MA20企稳(最低6,520触及MA20(6,621),收阳6,790收回上方,MA20五日升1.5%)",6790.0,-1.31,4.3,0.48,54.3,4000.0(2025-09-04),9540.0(2026-03-02),1,5
2026-08-03,电力/电网,9507.T,四国电力 (9507),"放量突破60日新高(收1,733>前高1,666,量1.9倍)",1733.0,4.02,16.7,1.9,79.7,1244.5(2025-08-04),1872.5(2026-04-08),2,4
2026-08-03,电力/电网,9501.T,东京电力 (9501),"上升趋势回踩MA20企稳(最低486触及MA20(504),收阳528收回上方,MA20五日升3.4%)",528.2999877929688,1.6,13.6,1.18,58.2,442.79998779296875(2026-07-01),939.4000244140625(2025-11-13),2,2
2026-08-03,电力/电网,9506.T,东北电力(日本) (9506),"上升趋势回踩MA20企稳(最低1,140触及MA20(1,135),收阳1,194收回上方,MA20五日升2.7%)",1193.5,1.1,11.6,1.43,71.8,972.2000122070312(2026-06-02),1323.0(2026-02-19),1,1
2026-08-03,电力/电网,9508.T,九州电力 (9508),"上升趋势回踩MA20企稳(最低1,782触及MA20(1,772),收阳1,852收回上方,MA20五日升2.3%)",1851.5,4.08,8.7,1.33,64.5,1320.5(2025-08-04),2017.5(2026-02-27),1,1
2026-08-03,电力/电网,9503.T,关西电力 (9503),"上升趋势回踩MA20企稳(最低2,348触及MA20(2,352),收阳2,462收回上方,MA20五日升1.7%)",2462.0,0.88,8.2,1.32,66.2,1848.0(2025-08-04),2826.0(2026-02-27),1,1
2026-08-03,电力/电网,9509.T,北海道电力 (9509),"上升趋势回踩MA20企稳(最低1,003触及MA20(1,004),收阳1,041收回上方,MA20五日升2.3%)",1041.0,1.46,7.3,1.17,64.6,887.0(2026-06-02),1295.0(2025-11-27),1,1
2026-08-03,电力/电网,6504.T,富士电机 (6504),"MA5(13,119)放量上穿MA20(12,958)短线金叉,量1.6倍确认",14150.0,-0.95,4.5,1.55,58.5,8395.0(2025-08-04),17800.0(2026-05-26),1,1
2026-08-03,电力/电网,9513.T,电源开发J-POWER (9513),"上升趋势回踩MA20企稳(最低3,627触及MA20(3,726),收阳3,819收回上方,MA20五日升1.0%)",3819.0,0.5,4.4,1.38,55.2,2600.5(2025-08-04),4514.0(2026-04-02),2,2
2026-08-03,电力/电网,9531.T,东京瓦斯 (9531),"上升趋势回踩MA20企稳(最低6,007触及MA20(6,140),收阳6,213收回上方,MA20五日升0.7%)",6213.0,-0.1,2.9,0.82,52.5,5000.0(2025-10-02),7967.0(2026-03-05),2,3
2026-08-03,电力/电网,6841.T,横河电机 (6841),"上升趋势回踩MA20企稳(最低5,570触及MA20(5,645),收阳5,739收回上方,MA20五日升0.0%)",5739.0,-0.74,-1.3,0.7,54.4,3955.0(2025-08-06),6317.0(2026-02-27),2,5
2026-08-03,游戏/内容,3765.T,GungHo (3765),"上升趋势回踩MA20企稳(最低2,344触及MA20(2,382),收阳2,424收回上方,MA20五日升2.0%)",2424.0,0.08,2.4,0.91,57.1,2125.0(2026-06-19),3049.0(2025-08-12),1,4
2026-08-03,商社,8001.T,伊藤忠商事 (8001),"上升趋势回踩MA20企稳(最低1,940触及MA20(1,944),收阳1,986收回上方,MA20五日升1.9%)",1986.0,-1.39,5.2,0.92,58.4,1521.0(2025-08-04),2286.5(2026-02-27),1,3
2026-08-03,商社,8053.T,住友商事 (8053),"上升趋势回踩MA20企稳(最低1,604触及MA20(1,591),收阳1,656收回上方,MA20五日升1.0%)",1655.5,-0.87,5.1,1.1,58.1,948.25(2025-08-04),1943.75(2026-05-13),2,2
2026-08-03,商社,8002.T,丸红 (8002),"上升趋势回踩MA20企稳(最低4,985触及MA20(5,123),收阳5,131收回上方,MA20五日升2.2%)",5131.0,-1.35,3.4,2.36,50.9,2970.0(2025-08-04),6328.0(2026-02-12),3,5
2026-08-04,防卫,7011.T,三菱重工 (7011),"上升趋势回踩MA20企稳(最低3,712触及MA20(3,837),收阳4,094收回上方,MA20五日升0.1%)",4094.0,7.77,-0.4,2.81,62.5,3404.0(2026-06-11),5208.0(2026-03-02),1,2
2026-08-04,商社,8058.T,三菱商事 (8058),"上升趋势回踩MA20企稳(最低4,596触及MA20(4,659),收阳4,727收回上方,MA20五日升2.0%)",4727.0,-1.25,4.9,0.8,52.0,2965.0(2025-08-05),6012.0(2026-05-15),1,1
2026-08-05,金融,8630.T,SOMPO损保 (8630),"上升趋势回踩MA20企稳(最低6,852触及MA20(6,876),收阳6,959收回上方,MA20五日升1.6%)",6959.0,2.17,4.8,0.36,56.0,4414.0(2025-08-05),7413.0(2026-07-29),1,2
2026-08-05,金融,8697.T,日本交易所JPX (8697),"上升趋势回踩MA20企稳(最低2,233触及MA20(2,213),收阳2,284收回上方,MA20五日升0.6%)",2283.5,4.08,4.6,0.56,57.7,1495.0(2025-08-06),2356.0(2026-07-29),1,2
2026-08-05,金融,8411.T,瑞穗金融 (8411),"上升趋势回踩MA20企稳(最低8,137触及MA20(8,327),收阳8,468收回上方,MA20五日升0.2%)",8468.0,4.14,2.9,0.85,56.1,4301.0(2025-08-05),8816.0(2026-07-23),1,2
2026-08-05,金融,8750.T,第一生命 (8750),"上升趋势回踩MA20企稳(最低1,880触及MA20(1,885),收阳1,914收回上方,MA20五日升0.8%)",1913.5,1.73,2.9,0.5,57.1,1052.0(2025-11-05),1959.0(2026-07-27),3,5
2026-08-05,金融,8604.T,野村控股 (8604),"上升趋势回踩MA20企稳(最低1,532触及MA20(1,560),收阳1,562收回上方,MA20五日升0.6%)",1562.5,3.14,1.8,0.53,55.2,981.0(2025-08-05),1636.0(2026-07-16),1,2
2026-08-05,金融,8591.T,欧力士ORIX (8591),"上升趋势回踩MA20企稳(最低6,384触及MA20(6,458),收阳6,528收回上方,MA20五日升0.2%)",6528.0,3.16,1.7,0.69,54.6,3406.0(2025-08-05),6680.0(2026-07-28),1,6
2026-08-05,金融,8795.T,T&D控股 (8795),"上升趋势回踩MA20企稳(最低4,973触及MA20(5,002),收阳5,025收回上方,MA20五日升0.4%)",5025.0,1.13,1.5,0.55,54.5,3186.0(2025-11-05),5176.0(2026-07-27),3,8
2026-08-05,金融,8354.T,福冈金融 (8354),"上升趋势回踩MA20企稳(最低7,338触及MA20(7,457),收阳7,470收回上方,MA20五日升0.7%)",7470.0,1.16,1.0,0.79,54.7,4079.0(2025-08-05),7843.0(2026-07-27),1,2
2026-08-05,防卫,7011.T,三菱重工 (7011),"MA5(3,878)放量上穿MA20(3,836)短线金叉,量1.4倍确认",3999.0,-2.25,-0.2,1.37,57.3,3404.0(2026-06-11),5208.0(2026-03-02),2,3
2026-08-05,游戏/内容,6758.T,索尼集团 (6758),"上升趋势回踩MA20企稳(最低3,515触及MA20(3,517),收阳3,565收回上方,MA20五日升2.0%)",3565.0,0.73,1.8,0.65,53.6,3043.0(2026-05-08),4776.0(2025-11-13),1,3
2026-08-05,商社,2768.T,双日 (2768),"上升趋势回踩MA20企稳(最低5,217触及MA20(5,266),收阳5,379收回上方,MA20五日升0.4%)",5379.0,2.81,2.7,0.61,54.3,3612.0(2025-08-05),7257.0(2026-03-03),2,2
2026-08-06,半导体/AI,4062.T,揖斐电IBIDEN (4062),"MA5(17,554)放量上穿MA20(17,324)短线金叉,量1.4倍确认",18925.0,-6.91,-0.9,1.45,52.1,3216.0(2025-08-14),27480.0(2026-07-01),1,1
2026-08-06,金融,8725.T,三井住友海上 (8725),"上升趋势回踩MA20企稳(最低4,771触及MA20(4,751),收阳4,844收回上方,MA20五日升1.8%)",4844.0,1.36,7.2,0.46,57.6,3108.0(2025-11-05),5073.0(2026-07-28),1,3
2026-08-06,金融,8630.T,SOMPO损保 (8630),"上升趋势回踩MA20企稳(最低6,916触及MA20(6,891),收阳7,007收回上方,MA20五日升1.1%)",7007.0,0.65,4.4,0.51,57.4,4436.0(2025-10-02),7413.0(2026-07-29),2,3
2026-08-06,金融,7167.T,Mebuki金融 (7167),"MA5(1,524)放量上穿MA20(1,515)短线金叉,量1.2倍确认",1620.0,6.44,3.5,1.22,66.5,800.2999877929688(2025-08-06),1636.5(2026-08-06),1,2
2026-08-06,金融,8411.T,瑞穗金融 (8411),"上升趋势回踩MA20企稳(最低8,417触及MA20(8,340),收阳8,513收回上方,MA20五日升0.4%)",8513.0,0.51,3.2,0.76,56.9,4422.0(2025-08-06),8816.0(2026-07-23),2,3
2026-08-06,金融,8601.T,大和证券 (8601),"上升趋势回踩MA20企稳(最低1,790触及MA20(1,820),收阳1,826收回上方,MA20五日升1.2%)",1826.5,0.86,2.8,0.5,57.4,1063.5(2025-08-06),1886.5(2026-07-16),1,1
2026-08-06,金融,8354.T,福冈金融 (8354),"上升趋势回踩MA20企稳(最低7,474触及MA20(7,468),收阳7,680收回上方,MA20五日升0.6%)",7680.0,2.33,2.7,0.95,60.4,4124.0(2025-08-06),7843.0(2026-07-27),2,3
2026-08-06,金融,8309.T,三井住友信托 (8309),"上升趋势回踩MA20企稳(最低1,646触及MA20(1,672),收阳1,686收回上方,MA20五日升0.6%)",1685.5,1.48,2.5,0.52,58.3,978.0(2025-08-06),1748.75(2026-07-28),1,2
2026-08-06,金融,8750.T,第一生命 (8750),"上升趋势回踩MA20企稳(最低1,892触及MA20(1,888),收阳1,910收回上方,MA20五日升0.7%)",1910.0,-0.18,2.5,0.46,56.5,1052.0(2025-11-05),1959.0(2026-07-27),3,6
2026-08-06,金融,8604.T,野村控股 (8604),"上升趋势回踩MA20企稳(最低1,551触及MA20(1,561),收阳1,575收回上方,MA20五日升0.6%)",1575.0,1.06,2.1,0.49,56.6,994.5999755859375(2025-08-06),1636.0(2026-07-16),2,3
2026-08-06,电力/电网,5801.T,古河电工 (5801),"MA5(3,533)放量上穿MA20(3,411)短线金叉,量3.7倍确认",3833.0,-2.19,8.2,3.69,53.7,808.5999755859375(2025-08-08),6241.0(2026-05-27),1,1
2026-08-06,电力/电网,9503.T,关西电力 (9503),"上升趋势回踩MA20企稳(最低2,347触及MA20(2,364),收阳2,384收回上方,MA20五日升1.2%)",2383.5,1.79,4.0,0.47,52.4,1916.0(2025-08-06),2826.0(2026-02-27),2,2
2026-08-06,电力/电网,9508.T,九州电力 (9508),"上升趋势回踩MA20企稳(最低1,788触及MA20(1,782),收阳1,802收回上方,MA20五日升1.4%)",1802.5,0.56,3.0,0.43,55.9,1354.0(2025-08-06),2017.5(2026-02-27),2,2
2026-08-06,游戏/内容,7832.T,万代南梦宫 (7832),"放量突破60日新高(收4,906>前高4,747,量2.4倍)；上升趋势回踩MA20企稳(最低4,364触及MA20(4,324),收阳4,906收回上方,MA20五日升3.6%)",4906.0,11.32,21.0,2.41,73.2,3530.0(2026-06-16),5729.0(2025-08-18),1,3
2026-08-06,游戏/内容,9602.T,东宝(日本影业) (9602),"上升趋势回踩MA20企稳(最低1,430触及MA20(1,441),收阳1,466收回上方,MA20五日升2.6%)",1466.5,2.73,7.6,0.48,54.6,1191.0(2026-05-27),2059.0(2025-08-19),1,4
2026-08-06,游戏/内容,4816.T,东映动画 (4816),"上升趋势回踩MA20企稳(最低2,740触及MA20(2,787),收阳2,799收回上方,MA20五日升2.3%)",2799.0,3.09,5.7,0.56,54.5,2239.0(2026-02-25),3620.0(2025-08-06),1,2
2026-08-06,游戏/内容,3659.T,NEXON (3659),"上升趋势回踩MA20企稳(最低2,318触及MA20(2,353),收阳2,394收回上方,MA20五日升1.2%)",2394.0,2.59,4.3,0.36,53.3,2110.0(2026-06-26),4434.0(2026-01-23),1,4
2026-08-06,商社,8058.T,三菱商事 (8058),"上升趋势回踩MA20企稳(最低4,631触及MA20(4,680),收阳4,740收回上方,MA20五日升1.5%)",4740.0,2.13,6.2,0.48,52.7,3006.0(2025-08-06),6012.0(2026-05-15),2,2
2026-08-07,金融,8593.T,三菱HC Capital (8593),"上升趋势回踩MA20企稳(最低1,425触及MA20(1,433),收阳1,450收回上方,MA20五日升1.0%)",1450.0,1.58,5.7,0.74,57.4,1147.5(2025-08-07),1541.5(2026-02-19),1,2
2026-08-07,金融,8309.T,三井住友信托 (8309),"上升趋势回踩MA20企稳(最低1,672触及MA20(1,674),收阳1,688收回上方,MA20五日升0.4%)",1687.5,0.51,2.6,0.53,58.6,990.75(2025-08-07),1748.75(2026-07-28),2,3
2026-08-07,金融,8795.T,T&D控股 (8795),"上升趋势回踩MA20企稳(最低4,924触及MA20(5,007),收阳5,011收回上方,MA20五日升0.1%)",5011.0,0.99,1.3,0.9,53.4,3186.0(2025-11-05),5176.0(2026-07-27),2,9
2026-08-07,金融,8766.T,东京海上 (8766),"上升趋势回踩MA20企稳(最低7,830触及MA20(7,902),收阳7,936收回上方,MA20五日升0.3%)",7936.0,1.52,0.8,0.56,54.1,5300.0(2025-11-21),8468.0(2026-07-29),1,1
2026-08-07,电力/电网,5803.T,藤仓Fujikura (5803),"MA5(4,756)放量上穿MA20(4,595)短线金叉,量2.9倍确认",5193.0,12.99,5.2,2.89,56.0,1725.0(2025-08-07),7933.0(2026-05-14),1,1
2026-08-07,电力/电网,9509.T,北海道电力 (9509),"上升趋势回踩MA20企稳(最低1,018触及MA20(1,012),收阳1,024收回上方,MA20五日升1.2%)",1024.0,0.34,5.0,0.61,57.7,887.0(2026-06-02),1295.0(2025-11-27),2,2
2026-08-07,游戏/内容,7832.T,万代南梦宫 (7832),"放量突破60日新高(收5,371>前高4,885,量2.6倍)",5371.0,9.95,32.8,2.62,80.0,3530.0(2026-06-16),5729.0(2025-08-18),2,4
2026-08-07,游戏/内容,7867.T,多美Takara Tomy (7867),"上升趋势回踩MA20企稳(最低3,424触及MA20(3,526),收阳3,598收回上方,MA20五日升2.0%)",3598.0,3.9,9.5,0.78,57.2,2496.0(2026-05-01),3760.0(2026-07-30),1,4
2026-08-07,游戏/内容,4816.T,东映动画 (4816),"上升趋势回踩MA20企稳(最低2,762触及MA20(2,797),收阳2,897收回上方,MA20五日升2.0%)",2897.0,3.8,8.3,0.8,59.7,2239.0(2026-02-25),3560.0(2025-08-08),2,3
2026-08-07,游戏/内容,3659.T,NEXON (3659),"上升趋势回踩MA20企稳(最低2,361触及MA20(2,360),收阳2,421收回上方,MA20五日升0.9%)",2421.0,1.64,6.7,0.38,55.2,2110.0(2026-06-26),4434.0(2026-01-23),2,5
2026-08-07,商社,8031.T,三井物产 (8031),"上升趋势回踩MA20企稳(最低4,833触及MA20(4,822),收阳4,913收回上方,MA20五日升0.9%)",4913.0,3.15,6.5,0.75,55.0,3112.0(2025-08-07),6675.0(2026-04-08),1,1
2026-08-10,金融,8725.T,三井住友海上 (8725),"上升趋势回踩MA20企稳(最低4,733触及MA20(4,787),收阳4,829收回上方,MA20五日升1.6%)",4829.0,-0.43,9.1,0.62,56.4,3108.0(2025-11-05),5073.0(2026-07-28),2,2
2026-08-10,金融,8630.T,SOMPO损保 (8630),"上升趋势回踩MA20企稳(最低6,889触及MA20(6,937),收阳7,015收回上方,MA20五日升1.1%)",7015.0,-0.75,7.7,0.45,57.0,4436.0(2025-10-02),7413.0(2026-07-29),3,4
2026-08-10,金融,8309.T,三井住友信托 (8309),"上升趋势回踩MA20企稳(最低1,660触及MA20(1,676),收阳1,682收回上方,MA20五日升0.4%)",1681.5,0.06,2.6,0.54,57.8,1003.0(2025-10-14),1748.75(2026-07-28),3,4
2026-08-10,电力/电网,9509.T,北海道电力 (9509),"上升趋势回踩MA20企稳(最低1,019触及MA20(1,015),收阳1,036收回上方,MA20五日升1.2%)",1036.5,1.37,6.9,0.57,61.0,887.0(2026-06-02),1295.0(2025-11-27),2,3
2026-08-10,电力/电网,9508.T,九州电力 (9508),"上升趋势回踩MA20企稳(最低1,781触及MA20(1,790),收阳1,808收回上方,MA20五日升1.1%)",1807.5,0.72,5.5,0.47,56.6,1440.0(2025-08-14),2017.5(2026-02-27),2,3
2026-08-10,游戏/内容,7867.T,多美Takara Tomy (7867),"上升趋势回踩MA20企稳(最低3,538触及MA20(3,543),收阳3,661收回上方,MA20五日升1.9%)",3661.0,1.64,10.2,0.58,59.6,2496.0(2026-05-01),3760.0(2026-07-30),2,5
2026-08-10,商社,8058.T,三菱商事 (8058),"上升趋势回踩MA20企稳(最低4,772触及MA20(4,726),收阳4,849收回上方,MA20五日升1.7%)",4849.0,-0.39,10.0,0.47,57.9,3098.0(2025-08-14),6012.0(2026-05-15),3,3
2026-08-12,金融,8725.T,三井住友海上 (8725),"上升趋势回踩MA20企稳(最低4,822触及MA20(4,809),收阳4,867收回上方,MA20五日升1.8%)",4867.0,0.79,9.8,0.52,58.5,3108.0(2025-11-05),5073.0(2026-07-28),3,3
2026-08-12,金融,8630.T,SOMPO损保 (8630),"上升趋势回踩MA20企稳(最低6,951触及MA20(6,960),收阳6,991收回上方,MA20五日升1.4%)",6991.0,0.46,7.9,0.59,55.8,4436.0(2025-10-02),7413.0(2026-07-29),3,5
2026-08-12,金融,8309.T,三井住友信托 (8309),"上升趋势回踩MA20企稳(最低1,682触及MA20(1,678),收阳1,703收回上方,MA20五日升0.5%)",1703.0,1.46,2.7,0.74,61.0,1003.0(2025-10-14),1748.75(2026-07-28),4,5
2026-08-12,金融,8354.T,福冈金融 (8354),"上升趋势回踩MA20企稳(最低7,331触及MA20(7,483),收阳7,509收回上方,MA20五日升0.4%)",7509.0,3.4,2.4,0.99,53.8,4159.0(2025-10-14),7843.0(2026-07-27),2,4
2026-08-12,金融,8411.T,瑞穗金融 (8411),"上升趋势回踩MA20企稳(最低8,311触及MA20(8,353),收阳8,507收回上方,MA20五日升0.5%)",8507.0,3.19,1.1,0.71,55.9,4569.0(2025-10-17),8816.0(2026-07-23),2,4
2026-08-12,防卫,7012.T,川崎重工 (7012),"上升趋势回踩MA20企稳(最低2,686触及MA20(2,742),收阳2,770收回上方,MA20五日升0.1%)",2770.0,2.82,2.0,0.91,48.9,1729.0(2025-09-03),3766.0(2026-03-03),1,1
2026-08-12,电力/电网,6503.T,三菱电机 (6503),"上升趋势回踩MA20企稳(最低5,695触及MA20(5,640),收阳5,834收回上方,MA20五日升0.3%)",5834.0,-0.17,3.3,0.55,52.9,3454.0(2025-09-03),6686.0(2026-05-27),1,1
2026-08-12,游戏/内容,9684.T,史克威尔艾尼克斯 (9684),"放量突破60日新高(收2,984>前高2,924,量3.9倍)",2984.5,3.95,16.0,3.87,70.1,2325.0(2026-06-26),3861.666748046875(2025-08-18),1,5
2026-08-12,游戏/内容,3659.T,NEXON (3659),"上升趋势回踩MA20企稳(最低2,396触及MA20(2,383),收阳2,522收回上方,MA20五日升1.5%)",2521.5,2.13,11.5,0.72,61.7,2110.0(2026-06-26),4434.0(2026-01-23),3,6
2026-08-12,游戏/内容,3765.T,GungHo (3765),"上升趋势回踩MA20企稳(最低2,393触及MA20(2,382),收阳2,430收回上方,MA20五日升0.1%)",2430.0,1.46,3.9,0.43,57.2,2125.0(2026-06-19),3049.0(2025-08-12),1,5
2026-08-13,金融,8630.T,SOMPO损保 (8630),"上升趋势回踩MA20企稳(最低6,937触及MA20(6,982),收阳7,043收回上方,MA20五日升1.5%)",7043.0,0.84,7.0,0.6,57.6,4436.0(2025-10-02),7413.0(2026-07-29),3,5
2026-08-13,金融,8253.T,Credit Saison (8253),"上升趋势回踩MA20企稳(最低4,665触及MA20(4,642),收阳4,847收回上方,MA20五日升0.6%)",4847.0,2.52,6.1,1.38,63.3,3561.0(2025-11-18),4940.0(2026-02-16),1,2
2026-08-13,金融,8306.T,三菱UFJ金融集团 (8306),"上升趋势回踩MA20企稳(最低3,627触及MA20(3,615),收阳3,707收回上方,MA20五日升0.7%)",3707.0,2.8,3.0,0.78,60.4,2192.0(2025-09-03),3813.0(2026-07-27),1,2
2026-08-13,金融,8354.T,福冈金融 (8354),"上升趋势回踩MA20企稳(最低7,523触及MA20(7,494),收阳7,700收回上方,MA20五日升0.5%)",7700.0,2.38,2.9,0.76,58.3,4159.0(2025-10-14),7843.0(2026-07-27),2,5
2026-08-13,金融,8604.T,野村控股 (8604),"上升趋势回踩MA20企稳(最低1,553触及MA20(1,566),收阳1,581收回上方,MA20五日升0.4%)",1581.0,0.96,1.8,0.5,56.9,1028.5(2025-09-03),1636.0(2026-07-16),1,4
2026-08-13,防卫,7012.T,川崎重工 (7012),"上升趋势回踩MA20企稳(最低2,775触及MA20(2,749),收阳2,819收回上方,MA20五日升0.3%)",2819.0,1.59,4.8,0.77,51.5,1729.0(2025-09-03),3766.0(2026-03-03),2,2
2026-08-13,电力/电网,9509.T,北海道电力 (9509),"上升趋势回踩MA20企稳(最低1,017触及MA20(1,021),收阳1,034收回上方,MA20五日升1.3%)",1033.5,1.77,4.3,0.68,58.4,887.0(2026-06-02),1295.0(2025-11-27),3,4
2026-08-13,电力/电网,9503.T,关西电力 (9503),"上升趋势回踩MA20企稳(最低2,365触及MA20(2,384),收阳2,404收回上方,MA20五日升1.0%)",2404.0,1.35,4.2,0.64,55.3,1981.0(2025-08-14),2826.0(2026-02-27),1,3
2026-08-13,电力/电网,9501.T,东京电力 (9501),"上升趋势回踩MA20企稳(最低516触及MA20(519),收阳520收回上方,MA20五日升1.9%)",520.2000122070312,0.7,3.4,0.84,52.6,442.79998779296875(2026-07-01),939.4000244140625(2025-11-13),1,3
2026-08-13,游戏/内容,3765.T,GungHo (3765),"上升趋势回踩MA20企稳(最低2,377触及MA20(2,386),收阳2,412收回上方,MA20五日升0.4%)",2412.0,-0.41,3.7,0.58,55.1,2125.0(2026-06-19),3018.0(2025-08-13),2,6
2026-08-14,电力/电网,9503.T,关西电力 (9503),"上升趋势回踩MA20企稳(最低2,376触及MA20(2,387),收阳2,401收回上方,MA20五日升1.0%)",2401.0,0.06,2.9,0.51,54.9,1981.0(2025-08-14),2826.0(2026-02-27),2,4
2026-08-14,电力/电网,9509.T,北海道电力 (9509),"上升趋势回踩MA20企稳(最低1,022触及MA20(1,022),收阳1,042收回上方,MA20五日升1.2%)",1042.0,0.97,2.6,0.68,60.5,887.0(2026-06-02),1295.0(2025-11-27),3,5
2026-08-14,游戏/内容,7974.T,任天堂 (7974),"放量突破60日新高(收8,903>前高8,488,量1.5倍)",8903.0,6.94,26.9,1.5,72.1,6544.0(2026-06-26),14795.0(2025-08-18),1,4
2026-08-14,游戏/内容,6460.T,世嘉飒美 (6460),"上升趋势回踩MA20企稳(最低2,656触及MA20(2,671),收阳2,743收回上方,MA20五日升3.1%)",2743.0,3.37,12.7,0.59,58.2,2078.0(2026-06-19),3485.0(2025-08-19),1,4
2026-08-14,游戏/内容,9602.T,东宝(日本影业) (9602),"上升趋势回踩MA20企稳(最低1,464触及MA20(1,477),收阳1,506收回上方,MA20五日升2.5%)",1505.5,2.07,11.9,0.43,57.4,1191.0(2026-05-27),2059.0(2025-08-19),1,5
2026-08-14,游戏/内容,4816.T,东映动画 (4816),"上升趋势回踩MA20企稳(最低2,785触及MA20(2,833),收阳2,834收回上方,MA20五日升1.7%)",2834.0,0.43,5.8,0.56,53.7,2239.0(2026-02-25),3420.0(2025-08-19),1,4
2026-08-14,游戏/内容,3765.T,GungHo (3765),"上升趋势回踩MA20企稳(最低2,409触及MA20(2,392),收阳2,446收回上方,MA20五日升0.7%)",2446.0,1.49,4.8,0.52,58.6,2125.0(2026-06-19),2983.0(2025-08-14),3,6
2026-08-17,半导体/AI,6871.T,日本麦克隆尼 (6871),"MA5(14,536)放量上穿MA20(14,304)短线金叉,量1.3倍确认",15360.0,2.26,-3.6,1.28,53.5,4245.0(2025-08-18),18180.0(2026-07-01),1,1
2026-08-17,电力/电网,9501.T,东京电力 (9501),"上升趋势回踩MA20企稳(最低515触及MA20(521),收阳524收回上方,MA20五日升1.2%)",524.0,1.39,4.5,0.64,54.3,442.79998779296875(2026-07-01),939.4000244140625(2025-11-13),2,4
2026-08-17,游戏/内容,3659.T,NEXON (3659),"放量突破60日新高(收3,046>前高3,022,量4.8倍)",3046.0,0.79,33.3,4.82,79.7,2110.0(2026-06-26),4434.0(2026-01-23),2,6
2026-08-18,金融,8725.T,三井住友海上 (8725),"上升趋势回踩MA20企稳(最低4,899触及MA20(4,881),收阳4,967收回上方,MA20五日升2.0%)",4967.0,0.85,10.8,0.62,64.0,3108.0(2025-11-05),5146.0(2026-08-17),2,4
2026-08-18,金融,8306.T,三菱UFJ金融集团 (8306),"上升趋势回踩MA20企稳(最低3,637触及MA20(3,625),收阳3,660收回上方,MA20五日升0.5%)",3660.0,0.3,5.4,0.59,56.8,2192.0(2025-09-03),3813.0(2026-07-27),2,3
2026-08-18,电力/电网,1963.T,日挥控股 (1963),"上升趋势回踩MA20企稳(最低2,314触及MA20(2,296),收阳2,341收回上方,MA20五日升0.5%)",2341.0,-0.62,6.3,0.51,50.8,1339.5(2025-08-21),2927.5(2026-05-25),1,2
2026-08-18,电力/电网,9503.T,关西电力 (9503),"上升趋势回踩MA20企稳(最低2,370触及MA20(2,395),收阳2,398收回上方,MA20五日升1.0%)",2397.5,0.17,4.4,0.47,54.2,2006.5(2025-08-26),2826.0(2026-02-27),3,5
2026-08-18,电力/电网,9501.T,东京电力 (9501),"上升趋势回踩MA20企稳(最低515触及MA20(522),收阳523收回上方,MA20五日升0.9%)",523.0,0.06,3.2,0.89,53.8,442.79998779296875(2026-07-01),939.4000244140625(2025-11-13),3,5
2026-08-18,电力/电网,9532.T,大阪瓦斯 (9532),"上升趋势回踩MA20企稳(最低5,372触及MA20(5,462),收阳5,465收回上方,MA20五日升0.5%)",5465.0,0.92,1.8,0.33,51.1,4075.0(2025-10-14),6828.0(2026-03-05),1,2
2026-08-18,电力/电网,9504.T,中国电力(日本·广岛) (9504),"上升趋势回踩MA20企稳(最低931触及MA20(929),收阳947收回上方,MA20五日升0.1%)",946.9000244140625,1.4,1.7,0.87,61.4,827.7999877929688(2026-06-02),1145.0(2026-02-19),1,3
2026-08-18,游戏/内容,6460.T,世嘉飒美 (6460),"上升趋势回踩MA20企稳(最低2,672触及MA20(2,695),收阳2,738收回上方,MA20五日升2.5%)",2738.0,0.29,9.1,0.36,57.8,2078.0(2026-06-19),3485.0(2025-08-19),2,4
2026-08-18,游戏/内容,9602.T,东宝(日本影业) (9602),"上升趋势回踩MA20企稳(最低1,487触及MA20(1,487),收阳1,526收回上方,MA20五日升2.1%)",1526.0,1.8,6.7,0.46,59.4,1191.0(2026-05-27),2059.0(2025-08-19),2,5
2026-08-18,游戏/内容,3765.T,GungHo (3765),"上升趋势回踩MA20企稳(最低2,400触及MA20(2,400),收阳2,436收回上方,MA20五日升0.9%)",2436.0,0.62,3.8,0.54,56.7,2125.0(2026-06-19),2913.5(2025-08-25),4,7
2026-08-19,电力/电网,9532.T,大阪瓦斯 (9532),"上升趋势回踩MA20企稳(最低5,370触及MA20(5,462),收阳5,469收回上方,MA20五日升0.3%)",5469.0,0.46,0.6,0.42,51.4,4075.0(2025-10-14),6828.0(2026-03-05),2,3
2026-08-20,金融,8308.T,里索那控股 (8308),"上升趋势回踩MA20企稳(最低2,318触及MA20(2,329),收阳2,351收回上方,MA20五日升1.3%)",2351.0,-0.23,1.2,0.62,52.0,1401.5(2025-10-17),2552.5(2026-08-18),1,1
2026-08-20,金融,5831.T,静冈金融 (5831),"上升趋势回踩MA20企稳(最低3,346触及MA20(3,348),收阳3,374收回上方,MA20五日升1.4%)",3374.0,-0.76,1.1,0.69,52.6,1888.0(2025-08-20),3618.0(2026-08-18),1,1
2026-08-20,防卫,6946.T,日本Avionics (6946),"上升趋势回踩MA20企稳(最低5,420触及MA20(5,531),收阳5,570收回上方,MA20五日升4.2%)",5570.0,4.7,14.3,0.57,51.4,4020.0(2025-09-05),9000.0(2026-03-11),1,2
2026-08-20,防卫,6701.T,NEC日本电气 (6701),"上升趋势回踩MA20企稳(最低4,732触及MA20(4,704),收阳4,810收回上方,MA20五日升2.5%)",4810.0,3.17,10.5,0.68,55.8,3606.0(2026-02-24),6194.0(2025-11-25),1,3
2026-08-20,防卫,6203.T,丰和工业 (6203),"上升趋势回踩MA20企稳(最低1,443触及MA20(1,444),收阳1,481收回上方,MA20五日升0.1%)",1481.0,2.28,2.8,0.36,49.5,1060.0(2025-11-21),2030.0(2026-02-20),1,1
2026-08-20,防卫,4274.T,细谷火工 (4274),"上升趋势回踩MA20企稳(最低1,080触及MA20(1,073),收阳1,098收回上方,MA20五日升0.3%)",1098.0,3.29,1.3,0.81,56.2,987.0(2025-10-14),1999.0(2026-03-03),1,1
2026-08-20,电力/电网,5801.T,古河电工 (5801),"上升趋势回踩MA20企稳(最低3,680触及MA20(3,648),收阳3,846收回上方,MA20五日升4.1%)",3846.0,2.02,9.1,0.83,50.1,811.0(2025-08-20),6241.0(2026-05-27),1,2
2026-08-20,电力/电网,9503.T,关西电力 (9503),"MA5(2,421)放量上穿MA20(2,406)短线金叉,量2.0倍确认；放量突破60日新高(收2,550>前高2,465,量2.0倍)",2550.0,8.05,8.4,2.02,68.3,2006.5(2025-08-26),2826.0(2026-02-27),3,6
2026-08-20,电力/电网,9501.T,东京电力 (9501),"上升趋势回踩MA20企稳(最低515触及MA20(523),收阳525收回上方,MA20五日升0.6%)",524.5999755859375,4.5,3.8,1.03,53.7,442.79998779296875(2026-07-01),939.4000244140625(2025-11-13),3,6
2026-08-20,电力/电网,6366.T,千代田化工 (6366),"上升趋势回踩MA20企稳(最低693触及MA20(691),收阳707收回上方,MA20五日升1.1%)",707.0,5.05,2.5,0.72,51.8,364.0(2025-08-20),1830.0(2026-02-12),1,1
2026-08-20,电力/电网,9532.T,大阪瓦斯 (9532),"上升趋势回踩MA20企稳(最低5,429触及MA20(5,465),收阳5,501收回上方,MA20五日升0.2%)",5501.0,1.23,1.7,0.42,53.8,4075.0(2025-10-14),6828.0(2026-03-05),3,4
2026-08-20,游戏/内容,6460.T,世嘉飒美 (6460),"上升趋势回踩MA20企稳(最低2,735触及MA20(2,724),收阳2,776收回上方,MA20五日升2.5%)",2776.0,1.07,12.8,0.39,60.1,2078.0(2026-06-19),3367.0(2025-08-20),3,5
2026-08-20,游戏/内容,4661.T,东方乐园(东京迪士尼) (4661),"上升趋势回踩MA20企稳(最低2,902触及MA20(2,930),收阳2,983收回上方,MA20五日升2.0%)",2983.0,2.95,11.6,0.52,58.4,2103.0(2026-05-25),3715.0(2025-09-16),1,4
2026-08-20,游戏/内容,4816.T,东映动画 (4816),"上升趋势回踩MA20企稳(最低2,806触及MA20(2,850),收阳2,852收回上方,MA20五日升0.9%)",2852.0,0.14,6.9,0.43,54.8,2239.0(2026-02-25),3405.0(2025-08-20),2,5
2026-08-20,游戏/内容,7867.T,多美Takara Tomy (7867),"上升趋势回踩MA20企稳(最低3,591触及MA20(3,589),收阳3,625收回上方,MA20五日升0.6%)",3625.0,1.48,4.9,0.87,57.0,2496.0(2026-05-01),3760.0(2026-07-30),1,3
2026-08-20,游戏/内容,2432.T,DeNA (2432),"上升趋势回踩MA20企稳(最低2,461触及MA20(2,473),收阳2,497收回上方,MA20五日升0.6%)",2497.0,2.44,2.8,0.7,51.1,2200.5(2025-09-01),2885.0(2025-11-11),1,2
2026-08-20,商社,8015.T,丰田通商 (8015),"上升趋势回踩MA20企稳(最低6,929触及MA20(6,978),收阳7,160收回上方,MA20五日升3.5%)",7160.0,2.74,10.9,0.42,57.9,3776.0(2025-08-21),7620.0(2026-08-07),1,1
2026-08-20,商社,8053.T,住友商事 (8053),"上升趋势回踩MA20企稳(最低1,684触及MA20(1,695),收阳1,696收回上方,MA20五日升2.4%)",1696.0,1.07,5.7,0.5,51.5,1000.25(2025-08-21),1943.75(2026-05-13),1,3
2026-08-20,商社,2768.T,双日 (2768),"上升趋势回踩MA20企稳(最低5,449触及MA20(5,476),收阳5,520收回上方,MA20五日升1.6%)",5520.0,1.71,2.4,0.47,53.2,3827.0(2025-08-22),7257.0(2026-03-03),1,3
2026-08-20,自选,1579.T,日经Bull2倍ETF (1579),"上升趋势回踩MA20企稳(最低738触及MA20(740),收阳750收回上方,MA20五日升0.5%)",749.5,2.24,-0.5,0.87,48.1,322.6000061035156(2025-09-01),933.7000122070312(2026-06-22),1,1
2026-08-21,金融,5831.T,静冈金融 (5831),"上升趋势回踩MA20企稳(最低3,350触及MA20(3,353),收阳3,444收回上方,MA20五日升1.3%)",3444.0,1.83,2.4,0.64,56.6,1898.0(2025-08-21),3618.0(2026-08-18),2,2
2026-08-21,金融,8725.T,三井住友海上 (8725),"上升趋势回踩MA20企稳(最低4,766触及MA20(4,890),收阳4,955收回上方,MA20五日升1.1%)",4955.0,3.81,1.7,0.58,58.8,3108.0(2025-11-05),5146.0(2026-08-17),2,5
2026-08-21,金融,8308.T,里索那控股 (8308),"上升趋势回踩MA20企稳(最低2,327触及MA20(2,330),收阳2,373收回上方,MA20五日升1.1%)",2373.0,1.09,1.0,0.64,53.6,1401.5(2025-10-17),2552.5(2026-08-18),2,2
2026-08-21,金融,8331.T,千叶银行 (8331),"上升趋势回踩MA20企稳(最低2,692触及MA20(2,718),收阳2,768收回上方,MA20五日升1.0%)",2767.5,2.14,0.7,0.47,55.7,1420.0(2025-10-14),2892.5(2026-08-18),1,1
2026-08-21,金融,8309.T,三井住友信托 (8309),"上升趋势回踩MA20企稳(最低1,684触及MA20(1,693),收阳1,708收回上方,MA20五日升0.5%)",1708.5,1.06,-0.2,0.34,56.5,1003.0(2025-10-14),1767.0(2026-08-14),1,6
2026-08-21,金融,7186.T,横滨金融集团 (7186),"上升趋势回踩MA20企稳(最低1,838触及MA20(1,881),收阳1,883收回上方,MA20五日升0.1%)",1883.0,1.62,-3.0,0.87,52.1,1055.0(2025-10-14),1995.5(2026-07-27),1,1
2026-08-21,电力/电网,9501.T,东京电力 (9501),"MA5(525)放量上穿MA20(524)短线金叉,量1.3倍确认；上升趋势回踩MA20企稳(最低519触及MA20(524),收阳548收回上方,MA20五日升0.9%)",548.5,4.5,6.2,1.27,61.6,442.79998779296875(2026-07-01),939.4000244140625(2025-11-13),4,7
2026-08-21,电力/电网,9532.T,大阪瓦斯 (9532),"上升趋势回踩MA20企稳(最低5,501触及MA20(5,470),收阳5,534收回上方,MA20五日升0.3%)",5534.0,0.31,1.5,0.52,55.9,4075.0(2025-10-14),6828.0(2026-03-05),4,5
2026-08-21,游戏/内容,6758.T,索尼集团 (6758),"上升趋势回踩MA20企稳(最低3,735触及MA20(3,698),收阳3,774收回上方,MA20五日升2.0%)",3774.0,-0.08,9.6,0.3,57.6,3043.0(2026-05-08),4776.0(2025-11-13),1,4
2026-08-21,游戏/内容,2432.T,DeNA (2432),"上升趋势回踩MA20企稳(最低2,480触及MA20(2,477),收阳2,494收回上方,MA20五日升0.6%)",2493.5,-0.38,3.5,0.51,50.7,2200.5(2025-09-01),2885.0(2025-11-11),2,3
2026-08-21,商社,8001.T,伊藤忠商事 (8001),"上升趋势回踩MA20企稳(最低2,026触及MA20(2,024),收阳2,080收回上方,MA20五日升0.9%)",2079.5,3.77,5.5,0.78,61.6,1613.800048828125(2025-08-22),2286.5(2026-02-27),1,2
2026-08-21,商社,8053.T,住友商事 (8053),"上升趋势回踩MA20企稳(最低1,688触及MA20(1,699),收阳1,710收回上方,MA20五日升2.1%)",1710.5,0.53,5.0,0.41,53.6,1000.25(2025-08-21),1943.75(2026-05-13),2,4
2026-08-21,商社,2768.T,双日 (2768),"上升趋势回踩MA20企稳(最低5,494触及MA20(5,483),收阳5,616收回上方,MA20五日升1.3%)",5616.0,1.67,2.7,0.64,56.8,3827.0(2025-08-22),7257.0(2026-03-03),2,4
2026-08-21,商社,8031.T,三井物产 (8031),"上升趋势回踩MA20企稳(最低4,769触及MA20(4,865),收阳4,897收回上方,MA20五日升0.0%)",4897.0,2.58,-1.5,0.56,53.8,3283.0(2025-08-21),6675.0(2026-04-08),1,2
2026-08-21,商社,8058.T,三菱商事 (8058),"上升趋势回踩MA20企稳(最低4,693触及MA20(4,781),收阳4,792收回上方,MA20五日升0.2%)",4792.0,2.04,-2.5,0.58,53.4,3183.0(2025-08-21),6012.0(2026-05-15),1,4
2026-08-21,自选,1579.T,日经Bull2倍ETF (1579),"上升趋势回踩MA20企稳(最低729触及MA20(739),收阳746收回上方,MA20五日升0.5%)",746.0,-0.8,-2.0,0.76,47.5,322.6000061035156(2025-09-01),933.7000122070312(2026-06-22),2,2
2026-08-24,金融,8725.T,三井住友海上 (8725),"上升趋势回踩MA20企稳(最低4,859触及MA20(4,891),收阳4,922收回上方,MA20五日升0.7%)",4922.0,-0.47,0.5,0.58,56.8,3108.0(2025-11-05),5146.0(2026-08-17),3,6
2026-08-24,防卫,6702.T,富士通 (6702),"上升趋势回踩MA20企稳(最低3,664触及MA20(3,662),收阳3,714收回上方,MA20五日升2.6%)",3714.0,1.87,13.3,0.27,55.9,3016.0(2026-05-01),4668.0(2026-01-15),1,4
2026-08-24,防卫,6203.T,丰和工业 (6203),"上升趋势回踩MA20企稳(最低1,448触及MA20(1,446),收阳1,469收回上方,MA20五日升0.5%)",1469.0,1.59,2.4,0.41,48.6,1060.0(2025-11-21),2030.0(2026-02-20),2,2
2026-08-24,电力/电网,6504.T,富士电机 (6504),"上升趋势回踩MA20企稳(最低13,520触及MA20(14,005),收阳14,095收回上方,MA20五日升2.1%)",14095.0,1.51,9.1,0.7,51.6,9176.0(2025-09-03),17800.0(2026-05-26),1,2
2026-08-24,电力/电网,9532.T,大阪瓦斯 (9532),"上升趋势回踩MA20企稳(最低5,476触及MA20(5,475),收阳5,605收回上方,MA20五日升0.3%)",5605.0,0.97,1.5,0.45,60.2,4075.0(2025-10-14),6828.0(2026-03-05),5,5
2026-08-24,电力/电网,6366.T,千代田化工 (6366),"上升趋势回踩MA20企稳(最低689触及MA20(691),收阳710收回上方,MA20五日升0.5%)",710.0,2.01,0.4,0.72,52.3,369.0(2025-10-03),1830.0(2026-02-12),2,2
2026-08-24,游戏/内容,6460.T,世嘉飒美 (6460),"上升趋势回踩MA20企稳(最低2,782触及MA20(2,758),收阳2,840收回上方,MA20五日升2.8%)",2840.0,1.74,12.7,0.72,64.0,2078.0(2026-06-19),3290.0(2025-08-25),3,5
2026-08-24,游戏/内容,4661.T,东方乐园(东京迪士尼) (4661),"上升趋势回踩MA20企稳(最低2,975触及MA20(2,964),收阳2,998收回上方,MA20五日升2.3%)",2997.5,-0.32,11.7,0.38,58.9,2103.0(2026-05-25),3715.0(2025-09-16),2,4
2026-08-24,游戏/内容,7867.T,多美Takara Tomy (7867),"上升趋势回踩MA20企稳(最低3,618触及MA20(3,611),收阳3,657收回上方,MA20五日升0.8%)",3657.0,0.44,7.0,0.51,58.9,2496.0(2026-05-01),3760.0(2026-07-30),2,4
2026-08-24,商社,8053.T,住友商事 (8053),"上升趋势回踩MA20企稳(最低1,722触及MA20(1,707),收阳1,771收回上方,MA20五日升2.1%)",1771.0,3.63,10.4,0.64,61.0,1009.0(2025-08-26),1943.75(2026-05-13),3,5
2026-08-25,半导体/AI,6857.T,爱德万测试 (6857),"上升趋势回踩MA20企稳(最低32,610触及MA20(33,148),收阳34,500收回上方,MA20五日升4.4%)",34500.0,0.0,21.6,0.9,54.8,10450.0(2025-09-03),38730.0(2026-08-14),1,1
2026-08-25,半导体/AI,4062.T,揖斐电IBIDEN (4062),"上升趋势回踩MA20企稳(最低18,195触及MA20(18,546),收阳19,960收回上方,MA20五日升2.5%)",19960.0,6.2,19.5,0.82,52.8,3412.5(2025-09-01),27480.0(2026-07-01),1,2
2026-08-25,半导体/AI,6890.T,Ferrotec (6890),"上升趋势回踩MA20企稳(最低8,540触及MA20(8,643),收阳8,820收回上方,MA20五日升1.3%)",8820.0,1.61,2.3,0.54,51.0,3645.0(2025-08-26),11700.0(2026-06-22),1,1
2026-08-25,金融,8309.T,三井住友信托 (8309),"上升趋势回踩MA20企稳(最低1,700触及MA20(1,694),收阳1,734收回上方,MA20五日升0.0%)",1734.0,1.88,0.8,0.38,59.7,1003.0(2025-10-14),1767.0(2026-08-14),2,7
2026-08-25,金融,8331.T,千叶银行 (8331),"上升趋势回踩MA20企稳(最低2,737触及MA20(2,716),收阳2,797收回上方,MA20五日升0.1%)",2797.0,2.45,-0.3,0.47,57.8,1420.0(2025-10-14),2892.5(2026-08-18),2,2
2026-08-25,防卫,6946.T,日本Avionics (6946),"上升趋势回踩MA20企稳(最低5,390触及MA20(5,574),收阳5,840收回上方,MA20五日升1.9%)",5840.0,6.18,10.4,0.45,56.1,4020.0(2025-09-05),9000.0(2026-03-11),2,3
2026-08-25,防卫,6702.T,富士通 (6702),"上升趋势回踩MA20企稳(最低3,680触及MA20(3,674),收阳3,738收回上方,MA20五日升2.5%)",3738.0,1.03,7.4,0.37,56.9,3016.0(2026-05-01),4668.0(2026-01-15),2,5
2026-08-25,防卫,6203.T,丰和工业 (6203),"上升趋势回踩MA20企稳(最低1,455触及MA20(1,450),收阳1,505收回上方,MA20五日升0.4%)",1505.0,2.59,4.9,0.53,52.6,1060.0(2025-11-21),2030.0(2026-02-20),3,3
2026-08-25,防卫,7721.T,东京计器 (7721),"上升趋势回踩MA20企稳(最低6,700触及MA20(7,142),收阳7,210收回上方,MA20五日升1.0%)",7210.0,4.95,2.7,0.9,53.4,4000.0(2025-09-04),9540.0(2026-03-02),1,2
2026-08-25,防卫,5631.T,日本制钢所 (5631),"上升趋势回踩MA20企稳(最低7,370触及MA20(7,673),收阳7,675收回上方,MA20五日升0.0%)",7675.0,1.72,-0.0,0.56,48.7,6694.0(2026-06-11),10620.0(2026-03-03),1,1
2026-08-25,电力/电网,5803.T,藤仓Fujikura (5803),"上升趋势回踩MA20企稳(最低4,968触及MA20(5,028),收阳5,304收回上方,MA20五日升3.3%)",5304.0,5.74,22.6,1.09,52.1,1883.3333740234375(2025-08-26),7933.0(2026-05-14),1,2
2026-08-25,电力/电网,5801.T,古河电工 (5801),"上升趋势回踩MA20企稳(最低3,601触及MA20(3,712),收阳3,993收回上方,MA20五日升2.7%)",3993.0,10.15,21.8,1.24,53.0,832.5(2025-09-03),6241.0(2026-05-27),2,3
2026-08-25,游戏/内容,6460.T,世嘉飒美 (6460),"放量突破60日新高(收3,007>前高2,922,量1.6倍)",3007.0,5.64,12.9,1.55,71.9,2078.0(2026-06-19),3290.0(2025-08-25),3,6
2026-08-25,游戏/内容,7867.T,多美Takara Tomy (7867),"上升趋势回踩MA20企稳(最低3,654触及MA20(3,618),收阳3,698收回上方,MA20五日升0.9%)",3698.0,1.45,4.5,0.54,61.3,2496.0(2026-05-01),3760.0(2026-07-30),3,5
2026-08-25,游戏/内容,2432.T,DeNA (2432),"上升趋势回踩MA20企稳(最低2,508触及MA20(2,488),收阳2,528收回上方,MA20五日升0.8%)",2528.0,0.32,3.1,0.52,54.1,2200.5(2025-09-01),2885.0(2025-11-11),3,4
2026-08-26,半导体/AI,6857.T,爱德万测试 (6857),"上升趋势回踩MA20企稳(最低33,400触及MA20(33,659),收阳35,780收回上方,MA20五日升5.1%)",35780.0,3.86,40.3,0.87,58.3,10450.0(2025-09-03),38730.0(2026-08-14),2,2
2026-08-26,半导体/AI,6890.T,Ferrotec (6890),"上升趋势回踩MA20企稳(最低8,520触及MA20(8,712),收阳8,910收回上方,MA20五日升1.3%)",8910.0,0.79,18.0,0.66,51.9,3645.0(2025-08-26),11700.0(2026-06-22),2,2
2026-08-26,防卫,6946.T,日本Avionics (6946),"上升趋势回踩MA20企稳(最低5,600触及MA20(5,614),收阳5,780收回上方,MA20五日升2.1%)",5780.0,-0.69,16.2,0.44,55.0,4020.0(2025-09-05),9000.0(2026-03-11),3,4
2026-08-26,防卫,7721.T,东京计器 (7721),"上升趋势回踩MA20企稳(最低6,980触及MA20(7,160),收阳7,210收回上方,MA20五日升0.8%)",7210.0,0.28,5.4,0.45,53.4,4000.0(2025-09-04),9540.0(2026-03-02),2,3
2026-08-26,电力/电网,5803.T,藤仓Fujikura (5803),"上升趋势回踩MA20企稳(最低5,110触及MA20(5,089),收阳5,305收回上方,MA20五日升3.8%)",5305.0,0.25,30.2,0.81,52.1,1883.3333740234375(2025-08-26),7933.0(2026-05-14),2,3
2026-08-26,电力/电网,9501.T,东京电力 (9501),"上升趋势回踩MA20企稳(最低518触及MA20(525),收阳538收回上方,MA20五日升0.6%)",538.5,4.0,2.8,1.45,55.8,442.79998779296875(2026-07-01),939.4000244140625(2025-11-13),3,8
2026-08-26,游戏/内容,4661.T,东方乐园(东京迪士尼) (4661),"上升趋势回踩MA20企稳(最低3,005触及MA20(2,979),收阳3,032收回上方,MA20五日升2.2%)",3032.0,1.07,4.4,0.34,61.0,2103.0(2026-05-25),3715.0(2025-09-16),3,5
2026-08-26,游戏/内容,3765.T,GungHo (3765),"上升趋势回踩MA20企稳(最低2,441触及MA20(2,427),收阳2,454收回上方,MA20五日升0.9%)",2454.0,0.86,0.5,0.66,56.9,2125.0(2026-06-19),2901.0(2025-09-19),1,6
2026-08-26,自选,1579.T,日经Bull2倍ETF (1579),"上升趋势回踩MA20企稳(最低732触及MA20(745),收阳751收回上方,MA20五日升0.6%)",750.9000244140625,0.9,11.9,0.82,48.7,322.6000061035156(2025-09-01),933.7000122070312(2026-06-22),3,3
2026-08-27,半导体/AI,285A.T,铠侠控股 (285A),"上升趋势回踩MA20企稳(最低50,580触及MA20(51,113),收阳52,420收回上方,MA20五日升0.3%)",52420.0,4.84,36.6,0.78,47.1,2376.0(2025-08-28),112700.0(2026-06-22),1,1
2026-08-27,防卫,7721.T,东京计器 (7721),"上升趋势回踩MA20企稳(最低7,280触及MA20(7,219),收阳7,430收回上方,MA20五日升1.1%)",7430.0,3.05,18.9,0.9,57.2,4000.0(2025-09-04),9540.0(2026-03-02),3,4
2026-08-27,防卫,5631.T,日本制钢所 (5631),"上升趋势回踩MA20企稳(最低7,642触及MA20(7,710),收阳7,740收回上方,MA20五日升0.1%)",7740.0,1.23,7.2,0.53,50.3,6694.0(2026-06-11),10620.0(2026-03-03),2,2
2026-08-27,防卫,6702.T,富士通 (6702),"上升趋势回踩MA20企稳(最低3,703触及MA20(3,671),收阳3,762收回上方,MA20五日升1.4%)",3762.0,1.24,-2.1,0.53,57.8,3016.0(2026-05-01),4668.0(2026-01-15),3,4
2026-08-27,电力/电网,6504.T,富士电机 (6504),"上升趋势回踩MA20企稳(最低13,965触及MA20(14,243),收阳14,260收回上方,MA20五日升2.4%)",14260.0,2.11,18.4,0.51,53.6,9176.0(2025-09-03),17800.0(2026-05-26),2,3
2026-08-27,电力/电网,6501.T,日立制作所 (6501),"上升趋势回踩MA20企稳(最低5,314触及MA20(5,434),收阳5,455收回上方,MA20五日升1.8%)",5455.0,2.79,10.0,0.57,58.2,3822.0(2025-09-04),6039.0(2026-02-10),1,2
2026-08-27,电力/电网,9532.T,大阪瓦斯 (9532),"上升趋势回踩MA20企稳(最低5,500触及MA20(5,480),收阳5,610收回上方,MA20五日升0.3%)",5610.0,0.18,-0.1,0.36,60.0,4075.0(2025-10-14),6828.0(2026-03-05),3,6
2026-08-27,游戏/内容,9697.T,卡普空 (9697),"上升趋势回踩MA20企稳(最低4,121触及MA20(4,099),收阳4,160收回上方,MA20五日升3.9%)",4160.0,-2.8,-1.6,0.35,60.0,2736.0(2026-06-15),4464.0(2025-10-08),1,2
2026-08-27,游戏/内容,9602.T,东宝(日本影业) (9602),"上升趋势回踩MA20企稳(最低1,532触及MA20(1,520),收阳1,562收回上方,MA20五日升1.3%)",1562.5,-0.6,-2.3,1.59,62.2,1191.0(2026-05-27),2006.0(2025-10-09),1,4
2026-08-27,游戏/内容,3765.T,GungHo (3765),"上升趋势回踩MA20企稳(最低2,412触及MA20(2,422),收阳2,443收回上方,MA20五日升0.4%)",2443.0,-0.37,-3.4,0.55,55.2,2125.0(2026-06-19),2901.0(2025-09-19),2,7
2026-08-27,游戏/内容,9601.T,松竹 (9601),"MA5(11,052)放量上穿MA20(11,005)短线金叉,量2.1倍确认",11110.0,0.45,-7.2,2.06,54.5,9860.0(2026-06-04),15410.0(2025-08-27),1,1
2026-08-27,商社,8053.T,住友商事 (8053),"上升趋势回踩MA20企稳(最低1,734触及MA20(1,731),收阳1,751收回上方,MA20五日升2.1%)",1751.0,-0.62,9.5,0.47,57.4,1011.5(2025-08-28),1943.75(2026-05-13),3,6
2026-08-27,商社,2768.T,双日 (2768),"上升趋势回踩MA20企稳(最低5,488触及MA20(5,536),收阳5,584收回上方,MA20五日升1.1%)",5584.0,-0.8,4.6,0.92,53.8,3837.0(2025-08-28),7257.0(2026-03-03),2,5
2026-08-28,半导体/AI,6857.T,爱德万测试 (6857),"上升趋势回踩MA20企稳(最低34,230触及MA20(34,502),收阳35,480收回上方,MA20五日升6.0%)",35480.0,2.51,27.0,0.86,56.7,10450.0(2025-09-03),38730.0(2026-08-14),3,3
2026-08-28,半导体/AI,6762.T,TDK (6762),"上升趋势回踩MA20企稳(最低3,035触及MA20(3,082),收阳3,097收回上方,MA20五日升1.3%)",3097.0,0.65,10.2,0.48,49.0,1887.5(2025-09-03),4315.0(2026-06-01),1,2
2026-08-28,金融,8411.T,瑞穗金融 (8411),"上升趋势回踩MA20企稳(最低8,290触及MA20(8,337),收阳8,460收回上方,MA20五日升0.0%)",8460.0,1.44,8.2,0.58,55.0,4569.0(2025-10-17),8819.0(2026-08-14),1,4
2026-08-28,防卫,6946.T,日本Avionics (6946),"上升趋势回踩MA20企稳(最低5,680触及MA20(5,710),收阳5,950收回上方,MA20五日升3.1%)",5950.0,3.66,19.2,1.0,57.9,4020.0(2025-09-05),9000.0(2026-03-11),3,5
2026-08-28,防卫,7721.T,东京计器 (7721),"上升趋势回踩MA20企稳(最低7,300触及MA20(7,259),收阳7,420收回上方,MA20五日升1.7%)",7420.0,0.27,12.6,0.62,57.1,4000.0(2025-09-04),9540.0(2026-03-02),4,5
2026-08-28,防卫,5631.T,日本制钢所 (5631),"上升趋势回踩MA20企稳(最低7,671触及MA20(7,730),收阳7,809收回上方,MA20五日升0.6%)",7809.0,1.34,5.8,0.47,52.0,6694.0(2026-06-11),10620.0(2026-03-03),3,3
2026-08-28,电力/电网,9513.T,电源开发J-POWER (9513),"上升趋势回踩MA20企稳(最低3,950触及MA20(3,920),收阳4,041收回上方,MA20五日升1.2%)",4041.0,0.4,6.3,0.42,67.6,2706.5(2025-10-02),4514.0(2026-04-02),1,3
2026-08-28,电力/电网,6501.T,日立制作所 (6501),"上升趋势回踩MA20企稳(最低5,486触及MA20(5,449),收阳5,569收回上方,MA20五日升1.8%)",5569.0,2.5,6.0,0.75,62.3,3822.0(2025-09-04),6039.0(2026-02-10),2,3
2026-08-28,游戏/内容,4661.T,东方乐园(东京迪士尼) (4661),"上升趋势回踩MA20企稳(最低2,990触及MA20(2,984),收阳3,034收回上方,MA20五日升1.2%)",3034.0,0.66,3.9,0.31,60.5,2103.0(2026-05-25),3715.0(2025-09-16),3,5
2026-08-28,游戏/内容,9684.T,史克威尔艾尼克斯 (9684),"上升趋势回踩MA20企稳(最低2,885触及MA20(2,859),收阳2,952收回上方,MA20五日升1.8%)",2952.0,2.32,2.0,0.53,60.7,2325.0(2026-06-26),3443.333251953125(2025-09-18),1,2
2026-08-28,游戏/内容,9766.T,科乐美KONAMI (9766),"上升趋势回踩MA20企稳(最低21,520触及MA20(21,431),收阳22,190收回上方,MA20五日升1.9%)",22190.0,2.09,1.6,0.46,61.2,16850.0(2026-06-19),26645.0(2025-10-31),1,2
2026-08-28,游戏/内容,7867.T,多美Takara Tomy (7867),"上升趋势回踩MA20企稳(最低3,643触及MA20(3,619),收阳3,723收回上方,MA20五日升0.6%)",3723.0,1.58,-0.1,0.48,61.5,2496.0(2026-05-01),3765.0(2026-08-26),3,6
2026-08-28,商社,8053.T,住友商事 (8053),"上升趋势回踩MA20企稳(最低1,738触及MA20(1,740),收阳1,774收回上方,MA20五日升2.4%)",1774.0,1.37,11.4,0.4,60.4,1011.5(2025-08-28),1943.75(2026-05-13),3,7
2026-08-28,商社,2768.T,双日 (2768),"上升趋势回踩MA20企稳(最低5,556触及MA20(5,551),收阳5,634收回上方,MA20五日升1.2%)",5634.0,0.81,5.4,0.54,56.0,3837.0(2025-08-28),7257.0(2026-03-03),2,6
2026-08-28,商社,8031.T,三井物产 (8031),"上升趋势回踩MA20企稳(最低4,888触及MA20(4,867),收阳4,965收回上方,MA20五日升0.0%)",4965.0,0.77,0.9,0.52,56.9,3306.0(2025-08-28),6675.0(2026-04-08),1,3
2026-08-28,自选,1579.T,日经Bull2倍ETF (1579),"上升趋势回踩MA20企稳(最低747触及MA20(754),收阳755收回上方,MA20五日升2.0%)",754.5999755859375,0.87,14.2,0.62,49.5,322.6000061035156(2025-09-01),933.7000122070312(2026-06-22),2,4
2026-08-31,半导体/AI,4062.T,揖斐电IBIDEN (4062),"上升趋势回踩MA20企稳(最低18,820触及MA20(19,679),收阳20,470收回上方,MA20五日升7.1%)",20470.0,1.46,22.9,0.68,54.5,3412.5(2025-09-01),27480.0(2026-07-01),2,3
2026-08-31,半导体/AI,6963.T,罗姆ROHM (6963),"上升趋势回踩MA20企稳(最低4,637触及MA20(4,771),收阳4,870收回上方,MA20五日升3.4%)",4870.0,0.83,12.4,0.61,52.4,1950.0(2025-11-11),6099.0(2026-07-06),1,1
2026-08-31,半导体/AI,6890.T,Ferrotec (6890),"上升趋势回踩MA20企稳(最低9,060触及MA20(8,997),收阳9,320收回上方,MA20五日升4.2%)",9320.0,-2.92,12.3,0.91,54.9,3730.0(2025-09-03),11700.0(2026-06-22),3,3
2026-08-31,半导体/AI,7735.T,SCREEN (7735),"上升趋势回踩MA20企稳(最低13,105触及MA20(13,466),收阳13,650收回上方,MA20五日升0.4%)",13650.0,-0.47,8.3,0.43,47.0,5335.0(2025-09-03),19770.0(2026-07-01),1,1
2026-08-31,金融,8331.T,千叶银行 (8331),"上升趋势回踩MA20企稳(最低2,770触及MA20(2,747),收阳2,828收回上方,MA20五日升1.1%)",2827.5,0.46,7.6,0.86,59.2,1420.0(2025-10-14),2892.5(2026-08-18),2,3
2026-08-31,金融,8411.T,瑞穗金融 (8411),"上升趋势回踩MA20企稳(最低8,325触及MA20(8,359),收阳8,588收回上方,MA20五日升0.6%)",8588.0,1.2,5.2,0.76,58.1,4569.0(2025-10-17),8819.0(2026-08-14),2,5
2026-08-31,防卫,6946.T,日本Avionics (6946),"上升趋势回踩MA20企稳(最低5,650触及MA20(5,741),收阳5,940收回上方,MA20五日升3.5%)",5940.0,0.0,11.9,0.64,57.7,4020.0(2025-09-05),9000.0(2026-03-11),4,5
2026-08-31,电力/电网,5803.T,藤仓Fujikura (5803),"上升趋势回踩MA20企稳(最低5,123触及MA20(5,324),收阳5,522收回上方,MA20五日升6.9%)",5522.0,3.41,32.4,0.69,55.0,2036.6666259765625(2025-09-01),7933.0(2026-05-14),3,4
2026-08-31,电力/电网,5801.T,古河电工 (5801),"上升趋势回踩MA20企稳(最低3,697触及MA20(3,923),收阳4,024收回上方,MA20五日升6.7%)",4024.0,3.1,27.9,0.54,53.1,832.5(2025-09-03),6241.0(2026-05-27),2,4
2026-08-31,电力/电网,9503.T,关西电力 (9503),"放量突破60日新高(收2,809>前高2,612,量2.2倍)",2809.0,7.52,15.1,2.17,80.2,2048.0(2025-10-02),2826.0(2026-02-27),1,7
2026-08-31,电力/电网,6366.T,千代田化工 (6366),"上升趋势回踩MA20企稳(最低710触及MA20(705),收阳739收回上方,MA20五日升2.0%)",739.0,0.14,12.1,0.75,57.8,369.0(2025-10-03),1830.0(2026-02-12),1,3
2026-08-31,电力/电网,1963.T,日挥控股 (1963),"上升趋势回踩MA20企稳(最低2,245触及MA20(2,292),收阳2,368收回上方,MA20五日升0.2%)",2368.0,4.04,4.8,1.18,56.3,1397.0(2025-09-01),2927.5(2026-05-25),1,2
2026-08-31,电力/电网,9501.T,东京电力 (9501),"上升趋势回踩MA20企稳(最低521触及MA20(526),收阳536收回上方,MA20五日升0.1%)",536.2999877929688,1.55,3.1,0.72,54.9,442.79998779296875(2026-07-01),939.4000244140625(2025-11-13),2,8
2026-08-31,电力/电网,9502.T,中部电力 (9502),"上升趋势回踩MA20企稳(最低2,833触及MA20(2,808),收阳2,860收回上方,MA20五日升0.5%)",2859.5,0.65,2.6,0.56,49.8,1977.5(2025-10-02),3286.0(2026-07-09),1,1
2026-08-31,游戏/内容,3765.T,GungHo (3765),"放量突破60日新高(收2,682>前高2,529,量7.1倍)",2682.0,8.45,10.7,7.12,74.9,2125.0(2026-06-19),2901.0(2025-09-19),3,8
2026-08-31,游戏/内容,2432.T,DeNA (2432),"上升趋势回踩MA20企稳(最低2,504触及MA20(2,498),收阳2,567收回上方,MA20五日升0.5%)",2567.0,0.67,3.9,0.68,57.7,2200.5(2025-09-01),2885.0(2025-11-11),2,4
2026-08-31,商社,8053.T,住友商事 (8053),"上升趋势回踩MA20企稳(最低1,756触及MA20(1,746),收阳1,788收回上方,MA20五日升2.3%)",1787.5,0.68,7.0,0.54,62.1,1021.25(2025-09-01),1943.75(2026-05-13),3,7
2026-08-31,商社,2768.T,双日 (2768),"上升趋势回踩MA20企稳(最低5,512触及MA20(5,561),收阳5,599收回上方,MA20五日升1.2%)",5599.0,-0.55,4.1,0.64,54.1,3838.0(2025-10-03),7257.0(2026-03-03),3,6
2026-08-31,商社,8031.T,三井物产 (8031),"上升趋势回踩MA20企稳(最低4,902触及MA20(4,870),收阳4,997收回上方,MA20五日升0.1%)",4997.0,0.36,1.2,0.65,58.7,3377.0(2025-09-01),6675.0(2026-04-08),2,4
2026-09-01,半导体/AI,4062.T,揖斐电IBIDEN (4062),"上升趋势回踩MA20企稳(最低19,820触及MA20(19,935),收阳20,680收回上方,MA20五日升7.5%)",20680.0,1.1,33.1,0.76,55.4,3412.5(2025-09-01),27480.0(2026-07-01),2,4
2026-09-01,半导体/AI,6963.T,罗姆ROHM (6963),"上升趋势回踩MA20企稳(最低4,699触及MA20(4,801),收阳4,929收回上方,MA20五日升3.9%)",4929.0,1.23,13.9,0.57,54.1,1950.0(2025-11-11),6099.0(2026-07-06),2,2
2026-09-01,半导体/AI,6890.T,Ferrotec (6890),"上升趋势回踩MA20企稳(最低8,950触及MA20(9,048),收阳9,230收回上方,MA20五日升4.7%)",9230.0,-0.86,12.7,0.58,53.8,3730.0(2025-09-03),11700.0(2026-06-22),3,4
2026-09-01,半导体/AI,7735.T,SCREEN (7735),"上升趋势回踩MA20企稳(最低13,180触及MA20(13,523),收阳13,535收回上方,MA20五日升1.8%)",13535.0,-0.48,9.6,0.42,46.0,5335.0(2025-09-03),19770.0(2026-07-01),2,2
2026-09-01,半导体/AI,6762.T,TDK (6762),"上升趋势回踩MA20企稳(最低3,041触及MA20(3,087),收阳3,098收回上方,MA20五日升1.3%)",3098.0,0.65,0.2,0.41,49.2,1887.5(2025-09-03),4315.0(2026-06-01),2,2
2026-09-01,金融,8331.T,千叶银行 (8331),"上升趋势回踩MA20企稳(最低2,773触及MA20(2,759),收阳2,860收回上方,MA20五日升1.6%)",2859.5,1.4,9.4,0.76,61.8,1420.0(2025-10-14),2892.5(2026-08-18),2,4
2026-09-01,金融,8411.T,瑞穗金融 (8411),"上升趋势回踩MA20企稳(最低8,434触及MA20(8,392),收阳8,717收回上方,MA20五日升1.3%)",8717.0,1.09,7.7,0.79,61.0,4569.0(2025-10-17),8819.0(2026-08-14),3,6
2026-09-01,金融,8306.T,三菱UFJ金融集团 (8306),"上升趋势回踩MA20企稳(最低3,620触及MA20(3,584),收阳3,724收回上方,MA20五日升0.4%)",3724.0,1.2,4.4,0.99,61.2,2192.0(2025-09-03),3813.0(2026-07-27),1,3
2026-09-01,防卫,4274.T,细谷火工 (4274),"上升趋势回踩MA20企稳(最低1,090触及MA20(1,087),收阳1,095收回上方,MA20五日升1.1%)",1095.0,0.46,5.1,1.0,52.5,987.0(2025-10-14),1999.0(2026-03-03),1,2
2026-09-01,电力/电网,9507.T,四国电力 (9507),"放量突破60日新高(收2,082>前高1,968,量1.6倍)",2082.5,5.82,20.8,1.56,83.3,1314.0(2025-09-30),2084.5(2026-09-01),1,2
2026-09-01,电力/电网,9503.T,关西电力 (9503),"放量突破60日新高(收2,942>前高2,810,量1.6倍)",2942.0,4.68,19.8,1.6,84.2,2048.0(2025-10-02),2956.5(2026-09-01),2,8
2026-09-01,电力/电网,9508.T,九州电力 (9508),"放量突破60日新高(收2,186>前高2,027,量2.2倍)",2186.0,7.84,19.0,2.2,80.6,1444.5(2025-10-02),2187.5(2026-09-01),1,4
2026-09-01,电力/电网,9504.T,中国电力(日本·广岛) (9504),"放量突破60日新高(收1,054>前高1,008,量1.6倍)",1054.0,4.51,16.2,1.6,83.6,827.7999877929688(2026-06-02),1145.0(2026-02-19),1,2
2026-09-01,电力/电网,9506.T,东北电力(日本) (9506),"放量突破60日新高(收1,381>前高1,330,量1.6倍)",1381.0,3.83,16.0,1.63,76.9,972.2000122070312(2026-06-02),1384.0(2026-09-01),1,2
2026-09-01,电力/电网,9509.T,北海道电力 (9509),"放量突破60日新高(收1,169>前高1,104,量2.9倍)",1169.0,5.94,12.6,2.95,75.9,887.0(2026-06-02),1295.0(2025-11-27),1,6
2026-09-01,电力/电网,6501.T,日立制作所 (6501),"上升趋势回踩MA20企稳(最低5,407触及MA20(5,470),收阳5,564收回上方,MA20五日升1.5%)",5564.0,2.32,5.0,0.57,60.4,3822.0(2025-09-04),6039.0(2026-02-10),3,3
2026-09-01,游戏/内容,9684.T,史克威尔艾尼克斯 (9684),"放量突破60日新高(收3,171>前高2,974,量3.5倍)",3171.0,7.31,16.2,3.52,71.6,2325.0(2026-06-26),3443.333251953125(2025-09-18),2,3
2026-09-01,游戏/内容,4661.T,东方乐园(东京迪士尼) (4661),"上升趋势回踩MA20企稳(最低2,998触及MA20(2,975),收阳3,029收回上方,MA20五日升0.1%)",3029.0,0.13,-1.9,0.49,59.7,2103.0(2026-05-25),3715.0(2025-09-16),3,5
2026-09-01,商社,8015.T,丰田通商 (8015),"上升趋势回踩MA20企稳(最低7,340触及MA20(7,345),收阳7,712收回上方,MA20五日升3.4%)",7712.0,3.13,15.6,0.6,67.6,3852.0(2025-09-01),7774.0(2026-09-01),1,2
2026-09-01,商社,2768.T,双日 (2768),"上升趋势回踩MA20企稳(最低5,572触及MA20(5,592),收阳5,804收回上方,MA20五日升1.5%)",5804.0,3.57,11.8,1.18,62.5,3838.0(2025-10-03),7257.0(2026-03-03),4,7
2026-09-01,商社,8053.T,住友商事 (8053),"上升趋势回踩MA20企稳(最低1,770触及MA20(1,756),收阳1,845收回上方,MA20五日升2.4%)",1845.0,2.99,11.1,0.78,68.3,1021.25(2025-09-01),1943.75(2026-05-13),4,8
2026-09-01,商社,8058.T,三菱商事 (8058),"上升趋势回踩MA20企稳(最低4,778触及MA20(4,774),收阳4,957收回上方,MA20五日升0.1%)",4957.0,3.18,3.6,0.91,62.8,3329.0(2025-09-01),6012.0(2026-05-15),1,5
